484449,16224208	5007678,001625	901,20175154299
486975,07874191	5006219,518495	899,12959832793
486863,65264794	5007790,2487774	900,07678945942
486429,40174978	5008216,7519639	899,3740230231
486040,79159979	5008482,4878742	901,18076357873
486326,48536712	5008879,8369949	899,56595636768
486930,89750817	5009231,5154118	900,88317217464
484368,22103447	5006828,2845825	750,68675727015
485179,1091167	5006267,7986677	751,07923889315
489019,75952278	5007205,717757	749,84857506471
486634,22852209	5008540,0361604	751,1499519537
487273,08355477	5008621,7295319	746,42930251443
488038,68546013	5008602,3334799	745,69001471976
488544,79064548	5008705,6324537	747,12334409103
489745,50101681	5008895,4138243	749,15330883681
517218,54327511	4995985,651569	700,03240270611
516136,9935997	4996107,5267617	700,19485924746
514839,78211258	4995448,7908455	700,30836049718
513581,32609365	4995109,7998461	699,98795311451
512883,54625763	4994652,672893	650,39325077183
511569,38131464	4994014,0828762	425,39422967851
511822,77610986	4994245,7657178	500,26761598325
484374,40541769	5005996,6138666	624,98325485959
487709,85768129	5005770,6498609	625,18559654453
486075,79520883	5005278,2700834	625,90746434453
489527,57984375	5007097,629758	625,35854546438
487061,48694429	5008421,3303226	627,17443066193
490157,42216862	5008884,08613	625,4685981694
488873,03296938	5005805,8127036	624,63566653167
488311,85378996	5005919,1696302	625,19654505004
488802,93504702	5007594,5886035	625,62851140569
511768,18037477	5009129,8161124	701,51605410417
510992,56801444	5008685,2566012	701,02540524716
510390,88524785	5008247,2157631	700,2100595663
509905,10606868	5006265,0092355	700,34850379332
512241,78044192	5007309,7065904	704,09171536921
513884,88860557	5007731,8006744	700,39953620425
515791,03920226	5008827,5476382	694,6467585578
514975,92100191	5008254,8142165	698,66778125023
493531,24234572	5002357,0146965	100,0201079046
494610,29353031	5002918,4904097	99,198083897386
495100,93775761	5003112,630893	98,639348496933
495745,03714726	5003764,87813	99,087744104895
496689,20281085	5004013,9674286	99,044042479519
497563,69933598	5004129,3839359	99,475747059639
498687,88002639	5004035,0031468	99,78532034817
499505,34829237	5004024,1553548	99,303821838237
500831,18935089	5004834,7303646	49,714826000937
501320,20090102	5005648,8046622	49,949479699866
501281,23104088	5006248,0626849	49,779398161288
501189,62795659	5006788,8526087	49,910260041073
501468,65908172	5007386,1310344	50,275645212459
501878,95580221	5007440,7699128	49,234373180422
502034,88471785	5008358,5331048	49,491242871859
502344,68108805	5008824,4382711	49,614447620752
502733,87669298	5005134,949256	50,476496793787
502938,50556503	5006080,4368047	49,906392596738
503336,73861531	5006933,4931675	50,105619253409
503276,8325565	5007352,1979414	49,821740414079
503533,99570256	5008273,9003315	-34,408625781706
503875,30768966	5008815,1201678	-35,1496246474
501582,78156678	5003950,3303817	99,923707709001
500982,72323151	5003800,7808221	104,25966545185
503079,57546925	5002108,5752656	99,574932588385
504747,42941163	5002548,8456499	-9,0257111289622
505666,24734985	5002781,6182697	-10,21308278669
506371,18457872	5003218,2793886	96,719847526077
507114,28357499	5003481,8357424	97,588805979719
508215,17800111	5003637,7540057	99,110627028451
509615,29762505	5003234,2661345	96,710488882315
510295,62925454	5003164,0804206	95,396835840777
511568,35882995	5003040,4655821	98,663099949078
513065,0950115	5003579,2859067	99,628000600314
514217,39403096	5003808,6392225	97,248662709908
515217,73038589	5004308,447488	98,450929902826
515649,87859376	5004972,0624111	98,321344615854
516152,24841165	5005808,5821399	98,743267388351
516330,63076131	5006449,1717498	98,340718373783
516627,13483051	5007123,0945747	97,298312697188
517026,63774081	5007621,7830681	96,787231320591
486854,73889025	4995305,0501035	24,942599224328
486933,89074965	4994750,9128965	25,010977674187
486813,95494437	4994317,1711834	25,153534915884
488574,85499379	4993951,0157133	9,2374620132965
489136,85051178	4993783,5198066	10,467805730104
494473,99796994	5001970,6633372	96,151742856746
495785,05422963	5002934,7171069	96,567851984626
517460,45160922	5000793,6329183	-9,8141628716035
516451,58080544	5000708,9601532	-10,23942243241
515073,88987799	5000226,1284322	-10,044626145498
514053,16979596	5000290,7552776	-9,9238802613888
513278,98396669	5000921,786833	-10,2540631865
512329,38429172	5001042,3322963	-10,017575526396
510731,28194623	5000962,7384974	-10,26915491768
509823,84327314	5001195,5111172	-10,184264091092
508308,32305828	5001506,2578656	-10,052304617848
508075,67480731	5001931,6312821	-10,61097239526
507074,57983471	5001820,9338142	-10,777524869802
506527,83088281	5001590,550708	-10,007139692241
506258,56283732	5001590,560706	-10,047410077773
505822,91014563	5001658,3469083	-10,210122874645
505632,40640486	5001745,6191443	-10,748426367519
505216,95603169	5001098,5008634	-10,028901422992
504816,47186592	5000988,9031717	-10,237134358362
504390,44207452	5000940,1830885	-9,3479901900546
504073,27391952	5000916,077995	99,570027954515
503842,97573417	5001124,2356251	97,58688469216
503346,48520326	5001057,549199	4,2801087377094
503055,44812884	5000985,8237984	94,631107462753
502205,88703686	5000826,3062678	-8,5576015832584
502043,81496722	5000727,3164169	-7,9262438419899
501473,26850869	5001184,2334127	-7,0376137613482
501401,95844721	5001392,8209554	97,526662813934
501437,86909912	5001977,28199	-0,67756054986893
501103,54134214	5001830,8118036	95,50304076863
500534,23176025	5002203,8358756	-9,1117128893847
500225,96911709	5002205,3655642	98,208962009746
500047,4878173	5002500,1155687	98,003337099973
499826,94446576	5002578,0796994	99,119234900541
499351,57154209	5002480,6195371	102,8350654575
499410,04282399	5002695,4558078	98,547258930218
499020,75651478	5002784,6976429	99,897353388379
498228,83387443	5002257,5949331	99,590167645857
497269,80919942	5002018,2436524	99,804729384973
496707,97035247	5001770,6840424	99,78453515533
495591,47478894	5001077,485141	98,922093734924
495642,97008657	5000721,8475301	100,2724079124
494751,34694283	5000172,8492771	74,812446596615
493876,95761368	4999900,6546815	74,908165643511
493189,95509615	4999239,8491865	75,068043626799
491834,98146974	4998652,3187766	74,929542032921
491154,65808609	4998563,7468052	75,231816321675
489449,35976476	4998150,5209162	74,983990424262
485697,24498888	4997484,5764672	2,7347289767406
484573,78168693	4997336,4366207	1,5708044696007
492882,51703742	5002170,65263	98,278181000743
492037,26027617	5001455,9980958	-8,5431235875107
491057,91784081	5000679,7960895	-10,017548705394
490343,24226983	5000435,2958568	-10,032100197012
490179,62822731	5001004,8799196	-9,872793726505
489314,96074858	5001315,9665988	-10,109949594389
488044,2843884	5001395,9703143	-9,1309658415274
486093,34236549	5000656,6208068	-10,143687513314
484596,45775874	4999986,7171637	-9,2634537418647
484367,60259615	4999308,0653013	-49,99184469187
484240,38571035	4998541,0314289	-88,928143820714
484684,58109673	4998541,0314289	-89,127950393454
485169,18112017	4998526,9342983	-88,854854626334
485512,38140561	4998442,5314782	-88,962360628309
485976,77911052	4998414,3372171	-88,558127534365
486562,28353061	4998590,2314144	-89,100419818439
487218,47957384	4998885,8312459	-88,991344671886
487854,4815444	4999096,9382756	-89,129089721984
488607,41783291	4999223,6324874	-89,320891548887
484425,90071532	4997653,8720076	0,64840263368343
484773,00128512	4997599,7530234	1,0823195443394
485082,54203415	4997695,5035336	0,87248866543667
485833,00456937	4997785,4052344	0,90017514202122
486313,69606261	4997933,6650565	1,2109544907678
486555,01894178	4997863,2793833	0,33551250180035
486988,05770083	4998012,2190671	-25,36835393191
487211,93237347	4997967,2682167	-25,034118536171
487830,12332035	4998128,595379	-25,057951761256
488034,14199992	4998180,5348069	-25,408384845845
487559,04943496	4997992,1331555	-25,019447779138
487396,47436882	4997686,8852878	-25,430162651902
487688,82253249	4997540,7850261	-25,062622646611
488355,72992746	4998042,482907	-24,695912254841
488728,26892692	4998326,7150523	1,0244585809352
489287,31243265	4998405,818951	2,435376707331
488392,4651638	4999816,2518614	-49,834728687768
489726,58504999	4998480,533743	3,4521240257753
490233,4818364	4998582,4330017	1,31418779049
487363,68889189	4996105,8770975	-25,006533648854
487803,98399393	4997035,2379288	-25,045946303659
487844,38038513	4996739,7380769	-25,08441984203
488076,58336051	4996387,8297068	-24,977962717424
488467,18075897	4995913,6862174	-10,096767373862
488076,58336051	4996211,9355096	-24,904171919024
487730,90107593	4996379,2014631	-25,390641419062
489354,87888082	4996052,8578894	-10,016753333511
488678,48051906	4995670,1357914	-10,089870197192
488353,95707094	4995592,7315468	-24,8842484665
487932,43775637	4995840,1611832	-25,008451789102
487647,70875283	4995925,7037712	-25,076588649009
487484,78736123	4995514,7774141	-24,830045965807
487790,43607175	4995407,1793154	-25,040170681239
487984,71640921	4995268,0876271	-25,038557082583
488310,55919241	4995217,1679917	-25,037214255343
488728,26068107	4995111,0195979	-10,163018630447
488431,29484459	4995352,4004655	-24,873585265635
488939,56044116	4995477,4850049	-9,9627303816311
489593,62905656	4995516,9469725	-9,9374450261079
489941,43876897	4995656,0486588	-10,000602081987
490050,40760134	4995920,2348844	-9,8969522614879
489972,08857222	4996321,3032481	-10,132407593292
490100,10530492	4996450,6669165	-9,8977498510422
489622,95952473	4996426,2718821	-10,077335589322
489363,19893771	4996617,9528659	-9,9353804140144
489055,52999534	4996662,8837204	-9,9833750688451
489019,89970213	4996272,6131588	-9,9451482136616
488591,83318719	4996404,5962941	-10,14879831194
488534,33491492	4996715,3130486	-24,80054856077
488641,88546207	4996876,0803248	-24,909589579467
488364,51175164	4997028,6992597	-25,138133767687
488646,04961344	4997304,8030596	-24,326729384816
488157,38438877	4997337,8363357	-25,054574871939
487888,68530654	4997372,3793046	-24,999393051181
488200,52664612	4997704,7716471	-24,897271360006
488131,95420496	4997829,8661845	-25,043131330589
488273,96413542	4994432,2877518	-25,009735716169
488142,31923124	4993943,0173413	-24,994958282146
488480,38235569	4994812,7803036	-24,788590129567
488254,47920535	4994723,5384685	-25,048755358982
488122,207617	4994483,2073872	-24,996759278011
487921,63570034	4994235,7877488	-24,98240987602
487839,50709115	4993998,7559959	-25,000766111842
487646,29046761	4993727,5511988	-24,887120436966
488787,44935143	4995287,4836791	-10,094118043537
489152,27024062	4995256,0700732	-9,9563435425652
488888,08988106	4995020,6479927	-9,8243155282926
488790,19521758	4994868,0190599	-10,226837839283
488374,95923636	4994607,1521586	-24,987725042818
488526,00661218	4994249,8848793	-25,007302971205
488545,49978809	4994130,2692268	-23,405151518604
488455,66956033	4993792,4879812	-24,297389550253
488202,19230667	4993740,068651	-25,199174617632
487864,21988651	4993793,6877369	-25,006106408455
487592,84090488	4999789,2673541	-50,017891452636
488119,06595032	4999951,3643597	-50,053755038645
488610,98003765	5000378,777361	-49,363490561887
489026,08408536	5000062,9316505	-49,83322982462
491036,68479175	4999050,6377	2,2226436718158
491826,67790453	4999439,4485587	2,2643030062148
492371,0025782	4999857,2235218	3,0109104753915
489432,34858798	4999865,7617838	-50,345468592399
493180,65378379	4999885,8476954	1,7474911574394
489124,6796456	5000361,2309325	-50,172575061152
493805,80422325	5000287,0860245	1,1639181822357
495493,86048416	5002720,8506388	4,3521776738027
494446,67948778	5000884,134497	1,3827731766062
495158,51848833	5001102,2501002	1,0425729524894
489201,99268172	4999466,433066	-88,758206692554
489694,97872881	4999588,8781427	-87,997404831992
490374,41980711	4999959,5127011	1,2996034208253
491114,08028631	5000042,8657348	1,4154897253445
491577,2081312	5000630,5061223	0,63972564226028
491983,48087967	5000655,1711018	1,5465720769554
492414,02939374	5001373,4848912	0,6242460618624
492936,9066264	5001397,7299561	1,2463298114825
493100,1825893	5001757,7566737	1,268048074777
493483,16082763	5001837,2704889	2,4673937704452
494143,78488926	5002340,6380299	1,3623889596452
494925,96094165	5002792,6260291	2,8442522918308
495432,18156883	5003013,4710767	3,2559983075219
496253,68205266	5003389,0346318	1,6336572770859
496838,21346312	5003564,948825	1,1071491779934
497257,34148285	5003828,6251545	1,8362681785064
498010,28601721	5003516,8586136	1,0411129316083
494877,59081901	5002348,7863714	1,6996847818557
494050,50789858	5002015,8841326	4,0466964638198
496059,75628651	5002972,2394693	4,4687350840191
496724,37958262	5003326,2874039	2,5867291690412
497260,4419203	5003030,217668	2,002901936399
495987,11864411	5002344,4272586	1,9001907786862
496025,99779996	5001543,9501934	1,6797219483499
496853,45178338	5001943,8887871	2,5671302650694
497760,98116076	5002124,162093	2,919961352639
498380,33477168	5002531,1992417	2,3587906578942
498629,88700346	5002733,038158	2,6297367542824
498892,03888532	5003373,4078126	0,88542125986217
499426,68293778	5002854,3334687	2,5179694365783
499602,53381324	5003351,2423243	0,48714472573196
499703,43820989	5002757,4331925	2,1304090601629
500312,23714011	5002511,6432223	0,71457182406045
500209,66708292	5002506,2943111	3,1668218849817
500632,59643686	5002283,7696053	-10,105243814862
500674,6749803	5003269,5189589	5,6891431284854
500140,38549914	5003079,4376494	1,3726035183546
500538,7092537	5002878,49855	1,1403245950271
500078,00568704	5003338,2049781	3,5511993386207
500448,05444151	5003509,7800545	9,4023974099436
500631,17815164	5003956,8490549	4,7922970339374
500821,89628436	5004034,2632974	7,2145541389206
500937,88233023	5004240,4313325	-9,8686533129891
501250,77913789	5004310,8370016	-6,8858680298209
501644,22959848	5004585,3211312	-8,5309734067821
501846,48366737	5004641,5296901	-9,6296728644072
502058,48432422	5004367,1355422	-5,3865661273429
502803,71899417	5004475,4634924	-7,6749342366447
502575,77087445	5004537,5608526	-9,1117312802322
502190,29414529	5004762,2651147	-7,4434190487245
501640,67563958	5004855,9360483	-10,224989649887
501231,99510458	5004637,2605591	-10,24047915587
500968,18580802	5004544,1495115	-9,9982214932981
500685,48528217	5004289,7312976	-10,869801296251
500461,61060954	5004174,4747578	0,1965187431349
500269,80402537	5003978,5046469	2,6105917322265
499905,33770748	5003410,2203195	0,90246383234335
501321,13268142	5003107,5519268	4,1998360183468
500796,09503756	5002525,6503712	1,4003151339597
500846,98014271	5003138,4656344	3,5458165841581
501382,08596246	5002980,9376988	5,2210232348246
501903,18209275	5002972,2394693	1,9669475314825
502173,29121436	5003065,4305005	0,77388649843059
501657,77752065	5002917,6305848	5,1389630732501
501599,57010577	5002774,7696637	0,50647333507322
501301,2849342	5002769,9206507	2,0269986510635
501500,65295759	5002285,0793387	0,67696535380268
501871,4520839	5002353,5953925	0,94906680377115
502134,32135421	5002151,7764722	1,379433427397
501085,80453106	5002378,1903863	0,81264201739662
501164,49462318	5002002,366884	1,5591744360254
501356,6640245	5001681,9820974	3,895573537884
501823,73338296	5001765,4051169	0,96350315087906
501843,28427978	5001426,9840016	1,0131502691399
501783,04014136	5001185,6131319	-10,262709774793
502169,48163429	5001906,0364918	0,99626672487186
502127,93082488	5001419,2955665	0,56801564326875
502496,39637725	5001411,9570603	0,77832353374587
502625,92209945	5001690,100445	1,0179663376946
502817,72043778	5001765,8850192	1,6698324850814
502876,18347384	5001475,1342007	0,39519236363771
501772,58441079	5000978,2953308	-10,597757354213
501946,32435011	5001271,1157281	-9,5239279616086
502149,27931576	5001053,0301188	-10,254699224293
502310,78242215	5001060,0386922	-9,9778203486922
502621,31267249	5000985,8637903	2,8328840964059
502795,38244558	5001165,5372183	1,2490779447023
503157,10289732	5001013,4881674	7,469762820687
502982,67030708	5001131,4841497	1,8784228872339
503507,92234289	5001127,125037	3,5533209326935
503703,98378272	5001334,4328401	0,79279460421457
503946,63424282	5001283,5332006	2,6890471447975
504308,37118624	5001487,3517139	0,53473738414023
504218,78008797	5001116,3372328	1,8306069489567
504309,68227549	5001074,1358228	0,14549506235563
504529,29384662	5000956,0498588	-29,238671596781
504835,98153353	5001765,4950986	-30,531367110222
505014,61950436	5001118,4368055	-29,363321928879
505076,88387463	5001461,1370498	-30,030959854061
505224,12167038	5001639,2008054	-30,129908802855
505392,98006988	5001246,1708056	-29,608285066953
505494,5853633	5001427,5338896	-29,656713594985
505430,28426947	5001665,1355265	-29,572654859342
505389,87963242	5001756,6369017	-29,71781310193
505472,98949708	5002111,1547406	-31,118067359689
505702,78468593	5001869,2339829	-29,163703872003
506032,42880335	5001745,2992094	-29,588422952213
506177,2835501	5001974,7325089	-30,408487666059
506389,28420695	5001988,8496354	-30,162680801721
503540,69957397	5003508,7202702	1,8467295833864
504043,38273394	5002766,6313202	3,0679162806446
503966,48199004	5002228,0309508	1,0517070100561
502942,35637431	5003515,1789555	3,5716285000796
502903,65862703	5003958,5387109	2,3515373590002
503209,28260002	5001566,6355759	0,18638914528391
503572,68520399	5001707,4369162	1,0420785205504
503744,38017393	5001784,8311628	1,0058805589114
504471,18538187	5002235,1295059	1,2240157726586
504895,18669557	5002214,0337999	-98,458627833395
505468,1904157	5002550,1353873	-99,831840871362
505147,58374363	5002425,1308317	-99,8703536903
505278,78337222	5002333,6294565	-99,461291339038
505642,28492633	5002509,5336517	-99,327343099161
506004,62381638	5002863,5815863	-98,251206762161
506207,58702789	5002734,7378121	-100,85213936117
506211,38836211	5003024,2788768	-96,47811967909
506606,86730039	5002640,9469029	-99,922555104464
506869,97570019	5003391,8640559	-97,029863677492
507278,67272688	5002955,5128739	-100,17744060292
507651,88788556	5003453,5514996	-98,521172492356
508279,12452363	5003349,0027802	-99,728999122224
508947,54090811	5003164,9702395	-99,9215557723
509234,75191079	5003103,3627795	-98,300605715078
509818,48347435	5003182,3666985	-96,904012002976
510093,82870708	5003056,8122547	-97,918049258999
510639,38201155	5002819,1306341	-98,645286051437
510957,15211319	5002337,488671	-100,11691246201
509986,01429291	5002424,2210169	-100,42714805774
506899,90811498	5001815,584903	-29,190697886445
507259,52587642	5001972,5629505	-29,554775779443
507080,28595896	5002379,2301746	-31,592348181606
507487,19363744	5001931,9712129	-29,890912155794
507949,10109737	5002426,3205895	-31,214066730855
507866,02421608	5002050,5370791	-29,957940540308
508303,12817637	5001923,8328694	-29,518917682639
509026,19801685	5002278,5506676	-30,635607303078
508574,39171618	5001756,0670177	-29,975796901179
508796,13896099	5001631,632346	-29,938852199206
509459,61608474	5001289,5019856	-29,777033199348
510149,91693998	5001245,1210192	-29,856581988222
510599,34019165	5001258,6582638	-30,053367991693
511393,4974558	5001794,3092336	-30,40499391195
511164,27947606	5001067,0472656	-29,838673273079
511446,98000191	5002734,7378121	-98,778484929765
511877,18219052	5002997,7642738	-98,337326796177
512292,86344733	5003126,6380419	0,13559283102822
512644,81257357	5003089,255651	0,39628820914995
512627,30664613	5002415,5827751	-0,58710509048711
513031,27880404	5002736,8873745	0,043048454147374
513355,68681034	5002971,8195548	0,58957080685553
513626,53805793	5003030,217668	-0,49660481610737
513697,4935481	5003394,7534678	-1,2090752405438
513904,55494421	5003603,0210755	-97,93367363331
514334,74888698	5003676,2261748	-95,508198900621
514920,03891512	5003472,2376961	-100,94604374863
514887,26992988	5003914,1477466	-98,688621875595
515264,06378499	5004047,7005623	-99,812079373705
511851,48813969	5001090,90241	-29,841296832164
512414,7700094	5001521,7047214	-0,1022869232566
512930,64652025	5001763,6454751	0,096987882495492
513294,75002099	5001883,8210137	-0,07454464338909
513163,1793294	5001596,4495074	-0,050255300890275
513439,58827605	5001188,8224787	-29,606886849995
513740,00087544	5001069,7167223	-30,002582105955
513972,65737225	5001331,4734425	-29,98329985143
514076,3900935	5001161,4980405	-30,040253057511
514679,12832816	5000726,2966245	-29,999190742757
515120,27275216	5000630,606102	-29,910315039433
515307,75026807	5000757,3802975	-29,989472033663
515663,72336633	5000975,4859027	-30,006799585979
515865,62286392	5000909,5793178	-29,99134287097
516070,58156974	5000816,4182805	-29,835306760614
516368,54515338	5000938,8533591	-29,941428930166
516135,47636435	5002442,2473476	-30,253072505983
517144,99034399	5001848,1382768	-30,039865192107
516920,45600381	5002047,8876184	-30,004814593372
516659,73065301	5003421,797963	-30,136236626953
517644,90290028	5003396,7130689	-29,991415705903
517837,28669355	5002298,3066464	1187,1233881288
515656,6814153	5004347,5395309	-99,163521939032
516051,65735709	5004203,0589395	-100,25657726397
516118,6383503	5005039,8786073	-74,520722445096
516657,15794959	5004769,3736678	-75,042151341893
516580,54581023	5005672,0199368	-74,143462770061
517096,97479265	5005728,7783838	-50,442450596495
516573,18227128	5006104,9818086	-49,470935575553
516561,19281367	5006573,8563706	-47,977710457485
517189,64983669	5006613,0683891	-50,662294296526
517597,58824571	5005895,264496	-49,98423091729
516931,40648503	5007254,9177425	-47,699005963933
517389,29821879	5007273,2740061	-49,873255606399
517668,3623273	5007486,4906065	-50,418277849337
517225,62645536	5007936,0590982	-47,486720800467
517467,83163987	5008100,6256011	-49,898030387123
517678,50471579	5008290,5469432	-48,785471922077
500396,49317713	5001253,2493647	-7,6419891032879
500574,83429757	5001866,5745242	-9,6081743119626
500757,24061924	5001985,5303111	-9,2945923058418
500392,7825472	5001955,2664712	-9,6356810810634
500248,28237175	5001810,2659856	-11,567475253102
500428,56951144	5001490,2811176	-9,1798167292791
500080,48768617	5001521,7747072	-12,250902853244
499556,20865999	5001155,8091984	-10,202215579916
499101,9038685	5000937,7835769	-9,6287505502354
498961,32046909	5000436,4956126	-10,08880632939
498711,05084886	5000379,1272898	-9,1228526355185
498740,6369382	4999959,1327784	-10,050326641734
499012,17259087	4999710,0834717	-9,797347753427
499191,03319949	4999770,8011128	-10,677186315552
499003,13514552	4999366,4034268	-8,8370002576072
499094,63927967	4998978,2824277	-10,382592293295
498963,43965108	4998814,8556927	-9,7900799863277
498822,40273024	4998562,6870209	-9,6283793195645
499351,56329625	4999830,3189981	-8,1387674216846
499191,37952495	5000266,0503063	-9,2257024973608
499001,00771769	5000090,5660256	-10,263142819164
499326,38873361	5000493,9139253	-9,444121838983
499380,44024297	5000655,7309879	-10,411379529879
499572,60139845	5000781,2954296	-8,9831468130549
499736,58650396	5001174,7853359	-9,8418295306079
499898,0813645	5001165,5372183	-9,4630261148743
499440,32981009	4999493,1176345	-8,7082162733923
499145,13683014	4999463,293705	-11,029732766356
499517,57687946	4999151,0472619	-9,7399158918927
499439,26609618	4998652,5187359	-9,6104027416825
499278,38142812	4998541,5113312	-10,468598556807
500100,52508781	5001955,7363755	-6,127739298708
499735,8856072	5001488,9013985	-6,0165281137177
499338,72451668	5001259,6880542	-6,8772280792381
498686,82455832	5000732,985263	99,181145252138
498053,61792898	5000410,9508122	101,03806118126
498170,28013408	4999728,7996621	99,808105522866
498651,95288279	4999315,3638157	98,879996611982
498405,88039731	4998364,8772845	50,170303059465
497979,38059279	4998220,4966728	50,936767433597
496663,12945118	4997087,7872325	50,249270640311
499265,12211049	4997904,2910355	-9,9011300461355
500046,16023637	4997609,9009578	-8,8642187234234
500421,28018508	4997689,4947567	99,427717562034
500996,48554564	5001536,6416811	101,24314234775
500471,37368918	5001059,3988225	99,81817850534
499907,1847766	5000839,933494	99,299160140049
499595,53309143	5000316,020135	99,380822408587
499527,32346742	5000084,6972202	98,504071258609
499751,45376123	4999629,1499455	99,277375091003
499702,72906728	4999345,8276149	98,690203046616
499810,65892327	4998911,4060402	99,304293512072
499896,25903291	4998544,7906637	98,058423915609
500149,9836619	4998631,9329261	100,62192998948
500638,85503268	4998552,1691618	100,21178239058
500819,98324849	4998293,3218494	100,09205272113
497565,57114263	4997638,1152148	50,686485427072
502523,76433447	5002421,1816355	98,833258254661
503005,43708318	5003316,3794206	97,359748945352
503446,13623158	5002777,0791936	99,324725408503
488880,63563782	4997827,716622	99,2689131999
489101,39338131	4997459,3116098	99,608500559263
489788,70924092	4997285,5369811	11,049142919542
490532,56685487	4996720,2820371	10,076511102015
490687,67943192	4996340,0794263	49,534257084801
490431,30788691	4995531,7639566	10,575985280439
489861,37162086	4995143,2830307	9,8882998646085
489639,9871932	4994288,7169752	10,230640858528
488238,77087197	4994224,7499955	-25,068161807546
486637,80721851	4997587,6354899	3,2520728565885
487090,25669504	4997346,4745775	-23,957697931479
486647,55380647	4995798,4696694	25,251584901094
487251,36400089	4996530,0507582	-24,189298590842
487447,45017825	4997018,2713823	-24,704317863979
485123,66405965	4997107,2032804	149,73104862748
485768,9920801	4997070,1808163	150,33203200321
486615,32904696	4997327,8083769	148,2712272821
486876,97793232	4996962,9826361	148,06943751402
486569,1523189	4996978,0595673	150,60248615857
484854,18162221	4996759,4140719	149,38751874477
485786,30010728	4996584,009775	150,08114151446
484457,75441184	4995655,2588195	199,73169537283
486169,35255821	4995953,2481647	124,49153812414
485624,82998428	4995884,3821821	125,10742611298
486175,17412428	4995485,7533219	125,48273995411
486043,29833646	4994664,2505364	125,29626682948
486238,83204225	4994183,4184084	124,83294418915
486316,79650007	4993668,5832016	125,04600342628
485471,46552621	4996773,5811883	248,36512401631
486141,38265436	4997127,019247	247,14699178267
484338,26388214	4995076,1566941	300,4154157787
484702,5570373	4995235,2543102	299,68744266894
485196,24398115	4995398,6210574	225,22675346609
485821,55109165	4995449,1307763	224,6955491467
485553,24780994	4994952,9117802	225,35741928877
485521,74868473	4994633,3868186	224,90129604409
485365,17659324	4994083,7986857	225,53426418059
485512,45561821	4993671,8625341	225,71033526656
485804,60588162	4993795,2674154	224,41468819836
484422,14061032	4994076,6301448	402,85858921777
484482,24456939	4994254,6539086	399,66395063577
484572,50358106	4994574,0988865	399,38885159171
485167,93599768	4994989,4343462	324,50312930147
485014,46434364	4994561,3214873	325,2326497584
485024,40058602	4994223,2203068	325,14479082952
484858,73332826	4993700,686667	326,41035300688
485173,11438789	4993696,2675665	324,15846174962
484521,4123298	4993945,5368285	498,93869840721
484649,90732147	4993843,9974965	497,45837457714
484433,61057974	4996709,0043327	50,263964062982
485076,84415574	4996064,8554473	26,451627545638
486669,3393271	4996484,6100075	49,996103788653
486384,18153966	4996241,4994919	25,618106406024
498915,32514961	5002532,0590667	198,86620663724
499178,98602097	5002215,5634885	199,76749754605
499662,66250985	5002127,851342	200,87370327823
499853,2734466	5002294,0975031	199,38576685062
499872,12344666	5002025,7421261	194,98817588129
499892,88648259	5001804,737111	-6,4668614244458
499526,23501597	5001518,9452831	194,37679925539
499262,76379902	5001593,4701138	200,00055530526
498698,01416903	5001228,1544727	199,09383244755
498038,40434626	5000681,3957639	198,66130270677
497429,77857877	5000649,2423086	200,19487418838
496425,43474351	5000522,7080643	199,59149972827
496145,95009694	5000769,5078289	199,6434913567
496077,73222707	5001050,8805563	199,58256171629
496563,87422339	5001574,1440476	198,36444474367
497164,30362165	5001754,7672822	199,40210828356
497536,61173746	5001782,3116756	199,29505291787
498007,34225079	5001907,0162924	198,84485649386
498479,91983324	5002135,8097221	199,57825534437
498729,16696878	5002422,4113852	198,04712734725
489271,86796629	4997863,669304	173,8501650941
490348,23925147	4997618,4092259	174,86629273766
489810,00825674	4997879,06617	173,96092014183
491252,50327451	4998282,034147	175,37037840888
491904,11462832	4998391,4318794	175,47723373262
492542,15332241	4998748,8691241	174,66892701129
493202,87633417	4998803,2480554	175,20702318802
493584,35382884	4999012,8553905	174,88688330145
494211,58222106	4999624,3309264	174,66722770599
494735,87773893	4999591,1476807	175,16556510979
496006,66129509	4999794,3363223	174,63699893229
496761,57658623	4999684,8486082	101,19585408837
497608,18566595	4999314,6339643	100,65397112698
497874,93048309	4998847,9689526	100,10509910173
497526,30443209	4998638,0816746	199,64753269438
496971,9610576	4997848,1824563	199,73858240549
496167,69438834	4997510,0812758	199,82604875061
495580,38412836	4997269,33028	135,79821984626
494920,41148844	4997206,6030479	135,36481755684
494045,37898343	4996902,554936	134,6306540306
492973,10588286	4997116,7013471	137,11985424604
492053,28195163	4996947,8557152	135,07652657731
491672,43114113	4996960,3631693	134,71191443184
490785,75550398	4997418,5299108	135,88459690482
491358,33044021	4996046,3492142	125,34129841346
491195,30185263	4996425,0621283	49,950316934478
491678,17024876	4996207,0864966	134,51103959212
492736,87068962	4996362,0249593	134,28516348022
493628,08978698	4996265,1346811	134,90983617654
494138,18596098	4996139,1303289	134,92115070424
495001,3444502	4995811,2870604	135,13069667548
496145,02656237	4996356,6460542	135,19655039775
494415,74932583	4995619,8360297	135,73417776329
490949,22936715	4995753,8487518	124,74845060154
490868,08201343	4994737,2856703	125,14921950093
490453,98395873	4994031,3493616	125,69655335034
489993,79988025	4993933,3393113	124,2261907755
495922,0012117	5000326,2380552	100,19025812257
497214,84240134	4999945,4655604	224,76537966277
497016,30720823	5000314,4404566	224,84536476217
491626,25441307	4996699,9661724	50,177739709419
493389,20767772	4996555,0256746	51,629516792263
490315,54447884	4997248,4445312	49,999829247269
494955,89335644	4996608,0548807	50,680221024186
495737,48395389	4996941,7369606	50,352317109908
494268,39608826	4996615,953273	50,919746142263
498715,42939218	5001871,5335148	225,11796577011
496977,32910224	5001020,5667266	224,86833058125
497533,41234988	5001062,8381224	225,03451875282
497882,12910516	5001552,5284474	225,14257395274
490553,43708678	4997859,2701994	274,00240004334
491452,85255337	4997930,7756447	275,51734056147
492327,13468655	4998337,9027751	275,56605134755
491361,52158195	4997471,6391006	298,74098437571
492720,5604096	4997104,4138482	273,71245718314
494330,98204647	4997525,4981377	278,42589770194
496140,64801905	4997865,6389031	299,6676862828
496429,24432357	4998267,1171833	300,7633344892
497150,73920779	4998774,2539571	299,04498646958
496051,68360494	4999390,5385142	275,48799053212
494588,07922577	4999139,8495412	274,95322056433
493795,48042619	4998614,1365485	275,0627446959
493093,87451842	4998496,780436	275,65756504865
491232,46587287	4993794,4875741	250,6596332894
490963,98118259	4993968,5621418	249,28225143926
491510,68065942	4994308,1830129	249,974523566
491452,20937752	4994814,3999739	249,73598443719
491624,88560292	4995821,8049196	248,88812216992
491940,44581829	4995710,2976165	250,3367129885
493065,36038884	4996023,4738704	249,70616967389
493637,20144493	4995964,0859587	248,80509036805
493782,35304207	4995627,734422	250,26378378179
494246,66004269	4995230,0453705	249,11031060241
494248,35868662	4994793,274274	250,2673235701
494974,12491818	4995176,296311	249,6490239073
495770,73119809	4995428,2250316	250,08409428953
496112,78531118	4995905,1979451	249,80329722436
496620,14386487	4995968,2851039	249,87477442334
497306,90725291	4996167,3845778	250,09615272855
497942,96694437	4996435,5199996	274,54283688805
498959,67954608	4996751,1457549	274,64309724672
500196,53145295	4996472,1425452	276,12298760827
500720,2827451	4996722,1216627	298,49468393574
501742,11601611	4996528,9909739	298,88709945118
491553,29518274	4993706,3755091	311,83392260579
492049,90940132	4994038,8178414	312,73149043279
492424,58407444	4994625,9683286	312,64349906016
492365,47786253	4995202,4509873	311,94683844873
493150,33381431	4995595,6309566	312,24916459198
493702,68169448	4995008,0705528	312,36604187833
493848,86402216	4994480,7278919	311,92744772277
493886,81139761	4993955,0248972	312,83696544891
494850,08268243	4994141,8168763	312,15063543457
495239,509171	4994639,1056546	311,96350802723
495931,73955381	4994852,9721227	312,2765565954
496253,58310253	4995299,0813184	311,97007136782
496772,06530018	4995452,3201271	312,13608446612
497736,68065762	4996102,2578342	312,19477144794
499065,50671177	4996243,6990442	312,29776315795
499754,63665713	4996477,5814381	311,45606194707
500674,92235563	4996303,4068909	399,85862806961
501447,3765576	4996267,8041377	399,77978203284
492081,8867855	4998076,5359756	373,49239714715
492832,76161294	4998381,6038799	373,08868683337
493738,28725015	4998215,9376008	375,65905123436
494252,38265864	4998434,9330249	375,58538572399
491905,48343847	4997709,3107232	374,17028104562
492488,78621813	4997531,7468658	399,49473215175
493690,28819051	4997313,6712545	311,87989251712
495156,5394857	4997632,9862588	398,64366841258
496006,33146132	4998541,7212884	399,98523624012
496391,01658941	4998775,0837882	399,61034717728
496308,68183412	4999171,5330921	373,76101891397
495293,70910556	4998969,9741188	374,61532171977
493151,70262447	4995027,9665031	442,87658427706
492842,49995505	4994167,6616156	499,63923022857
492392,60669026	4993736,8393083	499,38404249311
493420,79750722	4993853,3655897	499,77617360199
495480,48572471	4993950,4158354	443,7428110897
496359,41851407	4993998,2161058	443,9848164145
496696,11282837	4994514,5710032	443,17122881204
497714,4498614	4995062,6494435	443,66669636509
498047,41705407	4995658,7081174	443,49979771333
499129,0821713	4995825,6141442	442,79670412242
499469,76747423	4995643,9511212	443,87849405118
499921,9283462	4995667,6363001	443,75571973104
500871,80013404	4995975,1537059	499,7512489303
501727,240513	4996153,0275002	398,84875110827
493864,97640192	4997769,4184884	499,34980291246
494309,48513039	4998156,2297541	474,56767204246
494134,81341066	4997661,4004752	496,14833627525
491184,10399607	5002217,2231507	399,92603935898
491631,98527486	5002438,2681576	498,40198045164
492367,48160269	5002814,8315092	691,36879668115
491246,58275831	5002665,3819292	298,08913065543
490940,85158934	5002414,5829787	298,83454511884
490952,60191746	5001810,5059368	298,94131134762
491255,68617041	5001757,5867083	299,12133295389
491732,07333292	5001785,8209613	296,94322779927
491978,06335996	5002255,0254561	300,74286669454
492781,57965739	5002798,5348264	300,16557517856
493338,47924362	5002934,3371842	297,94546105559
493027,66038872	5003250,7827726	297,96405442832
491866,50533248	5003043,9948637	299,96345279881
497223,22017915	4993813,5836872	356,51430345579
498050,78135854	4994439,5962641	356,69183484462
498844,11403827	4994703,5325407	356,40221643599
498899,84769986	4995202,8509059	356,24102249559
499719,7649816	4995037,3146003	356,54605294869
500854,41789427	4995058,9401985	599,9658020061
500997,21942579	4995498,1807923	599,5891656136
501812,29639692	4995342,2525311	500,18571909048
502737,32345589	4995848,4694921	599,1396612211
503459,7666122	4995461,0683464	599,52029367198
503775,93702005	4994964,0495132	599,33672100087
504104,54216109	4994593,7748815	525,35787391043
493485,38720559	5005851,6033831	251,58091742013
494386,68272469	5006770,2963858	177,41786745277
491519,70161308	5004858,6554948	400,08546165867
490464,35723085	5004101,7495608	255,32778485406
489800,45956904	5003653,5907822	226,78011644074
488330,83572353	5003079,6875985	154,540098415
487154,19497171	5002188,3990177	156,66653189666
485857,25559745	5001787,2206764	127,01571585803
484744,08310917	5001160,2882867	125,40494806832
495747,81599679	5006817,2368312	124,5533542173
496399,92210125	5007188,2413143	144,2182107205
497970,82140641	5008022,9314155	153,98449577469
498848,6245151	5008522,44974	241,35392485597
500196,16038996	5009177,2164642	254,2003165291
484365,76377287	5004440,7105662	100,91960597861
486191,90494236	5004348,1194129	301,71993147172
487666,25365665	5003944,1316434	150,04554385264
488955,79650858	5003906,31934	150,32911464363
484477,5361923	5003677,4859184	550,34885086432
484922,88599689	5003844,7818658	548,6759164345
486564,55938363	5003776,5957449	547,51803680799
487457,36992894	5002980,9277008	548,3814542948
485685,0741227	5003810,8487728	548,65817245048
486843,00505382	5002902,1337391	549,50509836265
486312,7807739	5002482,7990935	301,74217596637
484893,25867833	5001872,3533479	325,77258015407
484470,2386201	5001670,704393	325,93401686103
489690,51772704	5003055,882444	296,37451736977
491160,24052268	5003997,5407722	399,64720435075
492304,64826915	5004606,6367924	399,40088818874
493314,98683322	5005203,9352141	399,60264261738
494448,23795236	5005304,624719	399,09725378901
495918,21636917	5005773,7992199	125,22515497523
496919,49275035	5006793,6616299	25,122756328693
497583,40690384	5007207,447405	15,642351615219
498300,1439359	5007591,6991916	51,929006593212
498938,81756001	5007660,7351395	249,12709955513
499295,63173439	5007410,4560831	250,06667530302
499878,57994274	5007015,6364475	250,05582219833
500232,40087564	5007520,6136609	249,95060929846
500205,27204791	5007850,5065121	249,54377256159
500167,5555561	5008288,4973604	125,51642348899
500529,11109094	5009005,2014773	158,73981486002
489277,35145274	5002944,4951166	149,74803726376
488105,0809984	5002408,214275	199,61844204273
486484,18713928	5001660,136544	100,31975426361
485581,39087653	5001308,1981801	95,560307265217
484792,80780312	5000793,0630343	95,671713556751
484430,6255841	5000466,4495156	100,8245294153
484601,2898235	5003155,3921891	802,92464489554
486066,16406269	5003290,1747545	798,47326886863
485271,58626048	5003341,1343818	800,16375663503
485750,0596216	5002861,9219241	799,18793651389
484725,23310911	5002179,8807516	796,10194505099
484587,96453911	5002846,5350561	900,50958396073
484866,03090047	5003100,4133799	899,81209446786
484788,07468849	5002677,1795279	900,12795694835
484573,42711562	5002605,5841009	900,3344177049
484412,68262691	5003106,3221771	898,55308766103
489167,59926516	5002551,2151676	154,70393102737
488631,37201059	5002085,2000236	99,874177748337
488165,81164164	5001833,7312093	99,44846785632
487801,16391518	5001732,2818591	98,614940406552
487104,10971346	5001481,4829085	99,773427360345
486252,49540625	5001205,0291798	29,310530297274
485665,72112614	5000723,5271882	28,484822627859
485167,73809741	5000541,2442913	99,692494879064
484536,4527498	5000223,1990285	97,471935280511
485055,09161849	5000322,6987756	97,443731938827
489540,08054371	5002553,1147809	100,18141262745
490152,90344594	5002402,2654858	49,975075039212
490522,40797469	5002428,3801703	100,41198448835
490442,2336306	5002079,2512345	100,44654810868
490900,69432762	5001536,651679	199,38715941016
491491,82241352	5001552,3184901	102,15974834154
491737,07856041	5001527,8834638	99,582551384929
492191,71318568	5001824,8030267	99,645249886773
492003,18844753	5001994,3185223	200,68236267599
492210,38177716	5002359,1342651	200,33651770545
491612,31069037	5003475,8169675	101,40756281518
492367,48160269	5002549,8354484	200,51348140173
492567,38560596	5002669,2311458	204,42493147393
492838,68212914	5002649,3351955	198,64285366127
493081,48101444	5002689,137094	201,22222462944
493565,79243332	5002867,8707132	200,34246712106
484816,86093093	5000558,9406893	100,08533896743
485138,06130379	5000866,4181031	55,498862011496
485848,8695738	5001244,5811291	74,509346283744
486698,38119071	5001376,3343112	98,541759539635
487368,84254458	5001577,8532926	99,535981274662
487885,49416479	5002141,8684889	59,041670099134
488583,28224666	5002696,0156938	141,15075360768
488951,21181915	5002847,8347915	155,85286466058
489962,75427648	5002888,0366085	200,04496326073
490399,33050273	5003287,4753039	298,37720487343
491230,27247829	5003557,6203167	298,22844251535
492335,25684318	5003924,1357136	298,83382770833
492784,22657341	5004356,7476566	201,4911786421
485245,07587107	5000125,3389477	-10,218660541695
486857,30334783	5000949,8611185	-10,143961542348
488638,56238682	5001536,2517604	-9,5067073551328
489956,91621872	5001556,1477107	-9,9209439357496
490005,45950409	5002069,6631861	-9,5556609372728
489096,20674525	5001913,3350062	-9,49360257228
489458,93318999	5002159,0050008	-9,535085671118
485818,38468744	4998869,9344816	-87,533626129773
486163,28361681	4998948,3385227	-49,94479817822
486740,58342182	4999017,0345398	-85,983653403319
487233,28086435	4999134,7305831	-51,830279755706
485431,18457683	4998570,7353827	-89,12673228882
485980,28359435	4998565,8363799	-89,003545940891
486501,18182437	4998683,5324232	-89,135503036145
486909,48305054	4998815,9354729	-89,282095271214
487324,88394864	4999017,0345398	-87,470843524272
488331,48714523	4999335,7296703	-87,583022019805
484361,17908344	4998820,8344758	-88,902276447554
484776,48103141	4998869,9344816	-88,344058278432
484810,09933861	4999110,3955364	-50,52393540946
484795,97420733	4999371,0024907	-49,929127653327
484600,60541842	4999669,9816343	-49,814735213788
484900,55625053	5000061,1920046	-47,376619284954
485744,76578956	5000418,8692004	-48,826136935216
485567,63680824	5000154,0231091	-49,970113629144
485840,03827456	4999747,1359298	-49,98671204085
485452,28569238	4999394,6376798	-49,95095430428
485431,18457683	4999061,1355632	-49,93503082563
485797,28357188	4999183,830589	-49,944272640873
486050,68661295	4999139,6295859	-49,828732686675
485762,08206258	4999433,929682	-50,003894988799
486339,28291746	4999124,9325775	-49,642629155209
486592,68595853	4999169,0336008	-50,075616728451
486867,28081943	4999267,1336329	-49,771616783693
487057,38051383	4999438,8386828	-50,040350194717
487338,88539225	4999561,4337289	-50,007591355499
487367,08617974	4999664,4327638	-50,007040951391
487812,188609	4999917,5812361	-49,999427583629
488162,57927067	4999751,7549896	-49,900640575815
488483,61472665	4999610,2637897	-50,292652844737
487500,88324929	4999370,1326677	-50,758202032721
487557,08692401	4999149,4375896	-88,515924673342
488542,67970934	4999399,5366826	-88,331711457735
487781,92636043	4999346,0575681	-50,607535230424
487923,18591907	4999536,9387148	-50,133550356674
488225,88261733	4999448,6366884	-50,52394787919
487993,66315027	4999233,0405724	-88,880303933798
486358,55345558	5000341,5049477	-49,808910217475
485304,37998324	4999875,2298566	-50,105249997603
486416,785608	4999599,6559489	-50,001629383916
486825,08683417	4999590,8377438	-50,0273325124
487226,28014255	4999693,8367787	-49,998222692442
488675,90781564	4999527,5806196	-88,184825405818
489081,00140837	4999562,0835966	-87,995239311112
489365,23566125	4999748,1157303	-50,086066872195
489445,36877612	4999523,0515415	-87,524733432587
488855,70845051	4999493,4375694	-89,156427833347
489232,58476406	5000037,1369009	-49,875113975407
489131,91125105	4999817,0217047	-50,090091017086
488979,181723	4999768,3016216	-50,792456067086
489063,12441793	5000237,6360899	-50,00105348439
489304,57923061	5000404,5021248	-49,828231859803
486456,49759413	5000747,5822918	-0,35492417222593
489478,98708332	5000042,0359037	-50,016274173339
489778,35246048	5000160,0018921	-49,382161199879
489710,13459062	5000312,0009531	-49,759661609333
489705,78078483	5000016,9910016	-51,202692572175
489695,55593791	4999825,5799627	-87,182250037076
489079,28627275	5000590,6342381	-49,758747473269
488828,64558953	5000629,6063055	-49,456601393952
484959,18420348	4998590,4313737	-89,047557897035
488254,08340483	5000263,550815	-49,711662725332
487912,85387617	5000291,7450762	-49,935667802153
487549,05547167	5000154,0231091	-50,029002955952
487337,27745261	4999948,0850272	-49,998550611804
486163,29186265	5000081,4478816	-50,181585586089
486337,65848614	4999806,7437968	-50,000720654654
486233,68663541	4999620,3317404	-49,999771902053
486619,27880638	4999864,4520504	-50,001237879022
486917,61345301	4999997,2850127	-49,999061000091
487169,98576354	5000261,9211467	-49,999779004861
487699,57511345	5000448,5931502	-49,753752344421
486728,66817681	5000229,1378197	-50,061952977111
487198,20304272	5000570,9182513	-50,268595891541
487756,91671468	5000753,4011074	-10,329927893021
487816,55890648	5001017,4873534	-10,010337971137
488503,23159023	5001193,7814693	-10,15931869761
488528,10930247	5000567,6489167	-11,103632277001
489384,72883717	5000645,6130474	-10,904899428352
489990,11398785	5000684,0852165	-10,095679509611
490040,00134584	5000272,9489021	-10,762594046277
488702,03889621	4999913,6020461	-50,139251648955
488829,86597449	5000268,5497975	-50,330968967849
486303,98245803	4999218,1336067	-50,039402264173
487247,3812581	4999615,4327376	-50,008339706288
486670,08145309	4999453,5356913	-49,97429597074
486543,40054717	4999296,5776396	-49,802402789436
486360,28508289	4999340,7386508	-50,015099550141
485121,28101065	4998781,6324552	-88,563929319403
485175,39848676	4999091,3394153	-50,248699977603
485395,78516727	4999571,2317346	-50,053134932877
485078,97982941	4999738,0377817	-50,107920583774
485043,78656596	4999870,4308335	-50,764843552821
485409,88556101	5000110,7319209	-48,891188878775
485666,58693979	4999860,4128726	-50,181331875235
485635,18676471	4999639,9377497	-49,977835861461
485198,68475106	4999433,929682	-49,907940279809
484999,4156778	4999540,8479191	-50,046635504612
485571,78446792	4998948,4385023	-50,32557094746
485930,88274117	4998982,7315221	-51,421956787595
486472,98103688	4999041,6295336	-50,513836922524
486219,47904569	4998835,6314639	-51,579747247812
485395,78516727	4998737,5314319	-88,266924107738
485184,58435731	4998654,1384063	-89,156936937214
485797,08567162	4998693,4304085	-89,041216833395
486289,88206429	4998742,4304347	-87,218117953002
486789,78637473	4998820,9344554	-89,623049860194
486655,98105934	4998855,2374731	-88,807996444459
486895,38265679	4999007,2365342	-87,865956332071
487324,88394864	4999424,1316764	-49,933666090066
486775,68598099	4999110,235569	-52,400752444569
487127,6845823	4999286,8296238	-49,894869896327
487169,98576354	4999389,8386566	-49,965772004282
487718,50757195	4999663,9928533	-49,871688187083
488430,18165561	4999483,0296878	-51,729644677512
487526,35466232	4999507,4247223	-49,806189864815
488086,79171575	4999331,6505006	-87,555765246257
485180,80776062	4999884,3180068	-49,439241973542
486987,43926251	5000444,943893	-50,156863465332
486782,79389877	5000767,7181932	-48,664765305524
487392,5246094	5000685,075015	-49,911113685118
487333,0308428	5001042,6822251	-49,187989903707
489328,07988685	5000140,0159602	-49,964357894878
489366,48078374	5000233,336965	-50,129004567008
489518,16308957	5000463,0202136	-49,419896898638
489507,28682094	5000213,7309557	-50,184511029533
490239,48481105	4999046,5385344	100,67472759658
490384,6364082	4999359,2948737	99,985009603873
490714,94019316	4999213,2845937	100,56837707785
490709,55565684	4999076,2024963	97,148450458014
490381,8822962	4999057,8062408	96,003604713932
489936,45003317	4998924,57336	100,11966330666
489663,89189581	4998664,7462471	97,62823148907
489319,94948438	4998796,2194861	99,595192919625
494157,20912377	5001562,896337	97,07539345547
489619,98277493	4998845,4294695	100,28183240891
489657,36118713	4999065,3147125	98,59567821272
490087,9839138	4998919,0344874	97,881306711892
492999,30293019	5000566,5591386	98,619219680581
492478,40470016	5000331,6969441	99,914991484781
492255,72567495	5000315,75019	99,220333860661
492049,45587988	5000173,6691102	99,742225203965
491843,64785209	5000055,9130791	100,2872711565
491616,7469546	4999957,5930918	99,821066993072
491520,77357284	4999586,5886087	99,252709388318
491029,12335253	4999722,0910276	98,842713031149
490674,93135664	4999541,0678743	99,796544359121
490911,00987883	4999375,1316502	99,453566952508
491218,08512042	4999643,9669295	99,836131124543
492019,49872755	4999679,3997173	98,872931177024
492147,36703505	4999846,0957868	98,658474024621
492428,96261776	5000202,6932024	100,35953751351
492533,54466097	5000018,7206495	97,100332628358
492787,03016047	5000394,5241558	99,986419840303
495144,97056615	5002635,9379225	96,007030797864
496473,96153719	5003029,6977738	98,082974406929
497059,40823636	5002941,505725	98,571064209775
495837,62148702	5002557,3839119	97,547975104764
494837,35934469	5001919,5637384	92,485034402332
493833,28762229	5001332,5832166	98,970149488692
493323,18320245	5001244,7111027	98,85487949415
493817,58753475	5001890,0497459	98,335489540607
492897,59044079	5001180,5841555	2,2703426999405
494053,21253551	5001702,7878625	4,2392797622206
494650,46728372	5001962,5149958	7,0380705960078
493301,54610701	5001562,9763207	1,0395239244062
501034,44941278	5003307,8411585	6,5649691685989
501102,68377433	5003416,3290761	3,8362944264467
501194,17966264	5003534,0351174	5,2588178989058
501361,46310588	5003754,4502525	4,7305526815406
501595,480167	5003847,9312248	4,905306576109
502043,33670825	5003712,1588608	9,1653148053874
502246,98432483	5004034,0633381	4,0630008924892
502448,03450046	5003380,4763738	4,8555073504264
502366,63977141	5004690,879645	-9,4462039643851
500253,52672873	5003488,9043037	96,042003559249
500341,22952866	5003259,231053	95,430212700235
500629,83407902	5003406,101158	97,356407089481
500817,88055819	5003362,9299454	97,917020904958
500464,74403037	5003769,8171247	97,14703891114
501088,57513474	5004176,5343385	52,398784538165
501495,84563037	5004411,3365452	49,986724818844
501847,86072337	5004412,6462786	49,475975252286
502155,90897458	5004480,8523955	46,19246210177
502262,88231263	5004286,761902	49,286954217632
501975,6795558	5004044,1312888	98,870528425744
501648,56691258	5003574,1469528	99,569617157973
501356,0868154	5003568,3381351	95,552557297137
501285,6837968	5003382,0360564	101,28229172256
501115,62974988	5003044,4547701	99,416186221901
500982,98709853	5003038,7359341	96,217980551653
501182,83338089	5003273,3681754	92,988057007769
501531,03064798	5003244,3540811	101,92639938951
501724,34622166	5003396,0332073	101,58538656567
501838,65836113	5003297,9831651	99,872403954813
501532,64683346	5002980,4877904	90,462670895928
501884,18366749	5003171,1389839	95,981254072206
502021,213108	5003366,5692046	102,60181809501
502186,88036575	5003406,5310705	98,524926627438
502517,10169228	5003563,7490692	98,292133650451
502676,92264642	5003876,5653964	98,32465873439
501814,81962527	5003925,4654429	100,1769650684
502186,3114025	5003624,1267795	96,410616335057
502597,92745807	5004175,3345828	97,097459528652
502785,28128632	5004142,2313208	50,772215999763
502947,18019323	5004304,0383855	48,851389233306
503057,69099848	5004548,6385978	49,890240464179
502955,87955896	5004744,8386618	49,868895030413
502792,27376228	5004857,6357023	49,292211016539
502467,89049352	5004975,4017314	49,374742907297
502111,09281083	5004947,4674173	49,373577396526
502401,75882227	5005328,7498084	48,991888238333
500738,17622723	5003578,0861509	195,93663050762
500780,94742159	5003847,281357	195,3861341204
500947,78558923	5003970,5362689	187,84662689258
501724,91518491	5004186,3323442	197,00240062146
501384,31234042	5004073,2553607	196,56758607042
501300,79842939	5003897,2611838	195,37521466427
501917,66179533	5003529,296082	193,51510157729
501477,97688578	5003367,7789584	191,44756990083
501593,41046008	5005240,5177678	-9,4713421813293
501739,62577114	5005613,5818317	-10,069604207272
501706,00746394	5006055,7518293	-9,7703974881876
501592,86623436	5006530,6351681	-9,5417930246367
501746,62649294	5006908,0183529	-9,7211808236652
502118,11827017	5007271,3443989	-9,5438937998507
502362,87966641	5007692,0087739	-10,073615933415
502014,66590763	5005229,9499189	-9,3096864188735
502241,56680513	5005500,2548991	-9,3834349776497
502225,84198005	5005873,3789507	-10,071884149277
502177,12553195	5006207,250992	-10,057121578958
502028,78279307	5006510,1693339	-10,157642142045
502421,34270247	5006364,968889	-9,7995168256682
502630,38310122	5006658,1292171	-9,9009855548255
502809,12002218	5006946,7204752	-9,8580640930321
502219,92146385	5006786,6030666	-10,093030651861
502504,69169661	5007095,0002932	-10,121865969026
502559,98008262	5007442,8294936	-9,9854193810376
502789,04139132	5007761,0447218	-9,8656977108852
502180,46509889	5007914,1835509	-9,3886511443539
502343,97194544	5008388,2870485	-9,1792513295335
502626,72194635	5008395,0856646	-10,127044939685
502714,88651356	5008629,7379018	-9,904402560774
502707,88579176	5008928,9370007	-9,6350323616941
502696,53951001	5009203,9510224	-9,2239087990165
503059,88439307	5009326,136152	-9,9480618029282
502897,98548616	5009027,0370328	-10,366690611797
502869,78469867	5008825,9379659	-10,051840116811
503126,93959888	5008589,8860136	-10,211340739307
502914,71630423	5008267,0017357	-10,015109146127
502949,32411274	5008046,1366922	-10,024587819048
484277,12919253	5005244,4769619	500,07601539065
484459,89008551	5005033,9598121	498,26842738466
485255,5068641	5004975,9316235	500,04969262817
487057,636135	5004807,8058451	499,39953016823
487590,45785588	5004951,8065341	500,26740269935
487385,68055863	5008387,7371604	503,88401388784
489695,67962557	5008469,700477	495,67221100826
490282,38793892	5008611,3516443	496,31467076835
488322,90322132	5008074,1809838	502,15069610823
487809,0799257	5008315,8317965	503,55380329968
489163,8638977	5008173,5007676	499,08243884054
490672,98533738	5009044,3335121	499,7001995075
490951,57943277	5009265,4385068	498,08325746552
486406,74216965	5004643,6492587	499,14616507983
485917,54921094	5009168,988139	1000,0160588085
485705,47434149	5008722,8289534	999,26511050179
490447,30482485	5002881,357968	101,40819113658
490907,81049125	5002895,7850314	100,47515305127
491382,31760126	5002910,6020154	103,39966629469
491862,45662293	5003277,2673817	200,78698809003
492846,40848525	5003428,2766442	106,61993260778
493470,53644002	5003471,4678528	76,972232391571
493689,17500153	5003200,1030883	199,29240812887
491030,18706644	5003320,3886045	200,2619208836
491859,96637796	5003893,6819123	200,63468498276
492863,62580814	5003801,7006349	199,52392106188
493868,70352354	5004160,7875438	99,904693212234
494483,20033217	5003865,817584	50,580271166711
495136,90613043	5004193,7008444	50,224804959056
495814,17030584	5004154,0489154	50,197898639571
496577,51284986	5004995,6376124	50,346694397737
497544,67617319	5005442,2567044	50,204428182319
498307,53221239	5004924,6520613	50,19097364964
499228,34564493	5004972,1124009	50,229776943298
500108,48232756	5005564,7617689	50,627892032101
500607,99083748	5005289,0278937	99,701202541139
500769,11463503	5005973,0186694	99,952353570448
500681,840619	5006407,7701769	100,38735953158
500725,36218519	5006988,0720582	100,78857378738
501079,77681888	5007125,6340578	99,407466154909
501567,92255536	5008219,4014246	99,73405176985
501457,92299245	5008464,8914559	100,86627589813
501924,80269649	5008837,7455625	100,06980421017
502267,00523478	5009172,3274593	99,664876674392
493470,75083197	5004510,7363127	200,02520803302
494324,3606335	5004793,2088162	200,33574401867
495348,83257468	5005189,0482443	199,82725368153
496582,92212372	5005657,2129507	198,92827149107
498030,10902689	5006865,6669734	149,04672591213
498829,64258153	5006576,4058516	200,0435750267
499418,197964	5006139,7347348	199,92671742846
500067,02222244	5006232,36588	199,76045434408
500346,70476927	5006668,6070843	199,2796530883
500397,48267845	5007193,2702907	199,93826333628
500661,91865918	5007451,8876499	199,89618379495
500970,73377391	5008117,6821293	199,63248182115
501074,81282061	5008731,4172053	199,33343211396
501380,48626867	5009161,1597325	199,85890519107
497545,80585385	5006205,54134	50,309695112666
506428,17985449	5009271,937184	199,67800371162
506326,1870064	5008905,2318258	199,91817422059
506122,18481851	5008313,9321832	199,99502385437
505882,01635755	5007712,9545104	199,89816201658
505935,70504976	5007390,1802102	200,21014534388
505746,10010601	5006802,1199082	200,4797179438
505410,66740589	5006886,582716	199,44644677714
505381,42764202	5006324,2871697	199,34153935352
505532,78835992	5006037,6955046	200,78608558929
505187,27099223	5005816,54052	199,16825427161
505457,635735	5005170,8319521	200,20196533595
505566,3489462	5004805,7062724	200,22211247511
505527,81611581	5004142,0813514	200,5737402316
505462,39358716	5003811,6086181	200,09707313177
505510,38440097	5003618,8378561	200,00760620089
505799,28580172	5003642,533033	199,87650179944
506377,41019116	5003944,4515783	200,81380496882
506741,34052917	5003944,4515783	200,45706742262
507389,62880772	5003636,2043212	99,633450444178
508650,24523786	5003781,0148454	101,69625190193
509474,83791331	5003419,0985124	101,03621742599
511031,94192095	5003394,133594	100,63275477077
511577,78382998	5003472,6676086	199,74988278193
512073,63118503	5004069,6660913	200,26328334768
512636,46777915	5004709,0559453	200,49233629879
513592,58991696	5005026,2313852	200,20484789665
514483,53690146	5005433,4285014	199,62902343939
514747,79147362	5005749,3841895	200,09529495858
515400,80462095	5006012,8405637	199,17203284231
515385,13751679	5006678,6650371	199,8666283737
515792,1441454	5007192,1905105	199,77920611553
516165,61492526	5007741,2987411	199,99350996676
516684,04764784	5008224,5203827	200,87167088817
517177,03369492	5008575,8888627	199,95300147423
517568,71954483	5008993,2139173	200,95753048982
517713,63201249	5008913,7001022	200,26037167035
507787,15271539	5009273,6068442	299,83334166043
507812,52517829	5008982,9160135	299,94164069026
507549,88679162	5008574,1292208	299,92364522912
507447,88569768	5008207,5338403	299,79894834753
506832,08604565	5008313,6022503	299,90079216166
507050,43600261	5007136,4918478	299,59408364077
506680,23057709	5006690,3226642	300,21608225036
506287,42329236	5006520,3772561	299,44471017086
506202,94461755	5006263,8194777	300,25561932919
506035,22414457	5005903,5528089	299,51303633508
506241,18059755	5005623,2298679	300,44422531797
506428,83127619	5005125,6711445	300,6073977563
505944,28072782	5004952,4464039	299,1279006945
506373,3779733	5004597,7486016	300,15415998243
505973,83383378	5004081,3937041	298,639992507
506552,37876128	5004293,7304836	299,30835042514
507166,4632777	5004421,0445692	300,69948927523
507979,75090062	5004013,8074611	297,24697780017
508530,16100738	5004136,3925093	299,64330761384
509130,48320966	5004091,9315592	299,48299111092
509876,21263026	5004006,3389813	299,72751019589
510796,5230663	5003902,7300706	299,05529325833
511211,36324699	5004078,7742373	300,36200107771
511618,02355014	5004140,5816566	299,86322931401
511966,64135529	5004638,7802497	299,84130992769
512067,6694396	5004951,1166746	300,14756574338
512594,57064428	5005002,5362083	299,6998118515
513328,38481987	5005333,7387929	299,64761304481
513464,28457971	5005688,4365952	300,18319617172
513880,01531159	5006048,3433372	299,80596046835
513965,90402578	5006389,5838787	300,17360929602
514441,79643763	5006636,2336739	299,93562966219
514782,05295667	5007181,9825882	300,41367196809
515409,61118266	5007521,5434716	299,48957729428
515715,07023876	5007874,7615751	299,59998635024
515878,2967266	5008116,2724163	300,91052288159
516667,3992882	5008520,1302122	299,98259552489
517109,30232987	5008903,6421494	299,85029482146
517398,47584349	5009143,5833101	300,91173704105
517688,26779543	5009187,3843945	398,21557730203
508577,22828662	5009229,6357944	239,8634257042
508365,23587561	5008621,5095767	249,67634560066
508178,13766853	5008107,9141176	185,6299223762
507939,97294773	5007597,6479808	257,78348030219
507481,88331371	5007024,8345753	255,54873285872
507746,12139418	5006715,0176376	263,66118773774
507781,38062439	5006158,7208702	260,25893497348
506796,28258971	5005920,9792618	399,32574869568
506971,98503997	5005404,6343623	399,90124153714
507005,98265601	5005109,0345308	399,86493455349
507362,87928883	5004679,5919426	398,33794039443
507692,59761885	5004601,7877794	256,63229716939
508178,05521009	5004608,3364465	300,25410466359
508809,97548772	5004756,3663154	426,54959433233
509480,33789146	5004601,2278934	399,22312815124
509868,97277897	5004448,1590501	358,02447062395
510342,06984961	5004471,1243756	357,0473291892
510851,30845581	5004340,970868	394,77213687028
511559,04927174	5004824,4324608	399,73835989603
511908,69780742	5005301,6653214	399,98410100253
512494,77943661	5005357,4239719	399,70178359093
512937,48232517	5005617,5310278	399,59160305869
513116,10380431	5006357,6803726	400,04364523631
513354,45817954	5006528,1456749	399,65398143759
514424,27401851	5007165,1460153	399,07003795941
514535,5187039	5007531,7613918	400,54871470219
515181,41568761	5007959,1344012	400,90486945868
516208,32015287	5008476,1791583	397,88701696922
516582,75569651	5008854,6621192	399,19171643513
516863,38651543	5008999,7725824	399,80710324284
517058,47494563	5009197,4123533	399,91829141556
509335,10383587	5009168,7881797	150,49053696012
509249,64390558	5008572,2895953	159,40797459936
509087,49762335	5008320,8007851	223,91142172858
508705,13782334	5007678,7514724	174,90273463523
508628,41024216	5007034,88253	274,7197046178
508517,87469938	5006472,4670081	257,60807695913
507932,279575	5005458,903316	300,12050575969
508645,50387739	5005325,2705166	276,72625127155
509135,45545377	5004893,9183171	451,62011897034
509800,96930106	5004942,0185265	451,58697372874
510660,08732658	5004665,1048914	451,37706688738
510956,99544215	5005272,9411681	451,95731137257
511568,96902242	5005673,3596641	451,8146196182
512011,68015683	5005678,3086567	451,66525316051
512292,29448407	5006131,1364849	451,99942780516
512639,58470829	5006477,4060028	452,62125293908
513149,30157345	5006823,8354881	452,89380419109
513803,56808912	5007139,7811782	452,54052055847
514185,92788913	5007357,7068201	452,56534098818
514670,89897556	5007854,4857022	452,96963840153
515477,52395628	5008285,3080095	452,94530775673
515945,32719489	5008743,1548162	456,91021249626
516285,13843833	5009037,0849875	454,32214242631
516522,87437523	5009258,3699456	453,2105795086
508762,71030821	5006085,2658218	201,65173331143
508456,47614275	5005725,9389617	199,92345693132
509435,6701529	5005485,6678682	452,29571551616
510451,9539707	5005606,3133112	452,2811350563
510949,40101955	5006177,8169833	452,95000172724
509129,94722978	5007312,1560918	201,37412620723
511798,0633145	5005997,6236611	452,13455748439
509045,75715952	5007619,4235484	151,35251696266
509291,14523993	5006218,5986823	695,5046994101
511288,43715363	5008988,1249532	699,90180941597
512996,58029124	5007405,087176	703,01071620172
514348,26382578	5007952,2757973	698,93263909437
515342,67966451	5008575,7288952	700,91166681178
512308,22545525	5009170,4778358	800,33397154216
511892,49472338	5009060,620197	798,35874002697
511526,783283	5008878,1173449	799,41972521394
511229,69375886	5008736,2162285	797,13855648201
511330,62289305	5008586,0168011	802,04195792662
511066,91254661	5008281,8887055	800,75186363059
510625,63618911	5008217,8317441	798,36410666447
510369,68518216	5007501,7175071	799,85306817022
511499,44006332	5007204,6879666	800,88186692339
511868,9693296	5007142,3506552	799,30482206614
512513,0027525	5007249,5388374	799,46358697258
512759,47103851	5007371,1740789	799,27940203407
513235,10782919	5007499,4379711	798,47944692065
513566,91235782	5007675,2621826	799,41030422716
514153,06819961	5008055,4148036	799,45935139495
514773,2546408	5008344,2560109	799,62710825851
515129,87916076	5008846,2038408	802,37533108271
515724,23961762	5009084,3853597	801,87835569181
515988,04891419	5009194,0630351	796,79924173224
510755,98649574	5006853,789391	798,89912413394
510403,28699767	5007024,624618	799,5218673847
510075,10239469	5006646,9814862	798,74689949284
510598,93614528	5007791,0986044	800,80297788001
505612,38549491	5009100,0021809	-34,841990802679
504946,57479722	5008816,2699338	-35,166671540576
504530,08544767	5008254,1143589	-34,489498252059
504102,69509197	5007694,8282	99,583834190696
503811,30344623	5007114,6862862	99,966886396391
503692,29942135	5006338,1443491	99,880355780759
503556,09456527	5006002,2527189	99,925845754618
503653,54395316	5005403,8345251	100,01577557051
503531,83529135	5005036,0393888	99,904395759623
503521,88255729	5004208,0179302	99,721902378149
503719,04894025	5003915,9673762	99,769013839286
503857,02665285	5003677,3659428	98,98940701521
504357,38448474	5003060,2515547	100,513844124
504470,65764783	5002740,9465483	197,95183291601
505041,96272404	5002779,9186156	-9,3551796125067
505415,8622878	5003015,8006025	99,500156652059
505835,75717104	5003116,6600729	97,412608522517
506019,74669482	5003355,9513658	100,31586861937
506710,24545033	5003525,6668207	97,633094743318
506988,97972507	5003571,5374839	99,347233979305
507955,70601865	5003766,4378125	101,72076845573
509234,87559845	5003550,0518572	99,687155691597
510599,56282945	5003333,665902	100,81298120227
511818,69441693	5003271,0986374	99,20989787793
512745,74170776	5003828,3152175	100,16170681749
513354,62309642	5004134,4029143	99,921887966058
513982,10710982	5004352,2085806	100,40161118005
514644,99053278	5004671,513587	100,45978532668
515180,3519737	5005073,611741	100,8187137845
515683,03513367	5005681,8379384	100,85967579333
515886,8394213	5006443,8328365	100,99438824897
516191,67179323	5007008,077986	100,7347669947
516557,12761243	5007580,8913915	100,86597449262
516965,02479223	5008021,8416374	100,01613659285
517390,81545414	5008325,7497777	96,971404806181
517586,18424305	5008653,5830482	100,27044223209
504980,57241326	5006493,4227426	100,56477004294
504135,9670737	5006220,5682813	99,920111295337
504660,14714976	5005475,6399094	100,40850460742
503968,5599428	5004939,1591085	100,00284875816
505243,88695916	5004833,4606231	199,47172730981
503976,0059402	5004561,5159766	100,19002820985
505143,32064213	5004390,3808107	199,90798113093
505119,48190627	5003595,2326608	199,79759819878
504260,16598049	5003780,3949716	100,36815579521
505112,97593512	5003122,1389577	100,13239420292
505073,6762412	5007507,0464224	100,26277632291
505543,94498725	5008403,6339247	99,903334159292
505081,24592627	5007972,3617089	99,43328972679
501536,7862473	5000883,0347209	-8,9021257108985
501499,80363563	5000610,0302901	-9,3165879817696
501194,18790849	5000394,2842046	-10,270877015083
500886,56019533	4999807,813579	-10,148616896832
500531,73326943	4999673,6808813	-8,8142752055726
500574,05094236	4999257,3456252	-8,4692336498391
500908,62607467	4999242,5186432	-9,4190301846933
501145,64462312	4999152,8169017	-9,6968534016395
500893,51144208	5000337,1858268	-7,8606648131615
501293,54208641	5000866,468093	97,880569282371
500607,00958201	5000086,9367643	99,29183025693
500077,15636508	4999478,430624	99,492148219037
499973,12679344	4999045,8686707	100,20779631172
499998,33433945	4999902,1043864	100,97952189904
500299,57152328	4999048,1981965	99,529310942134
500701,78731635	4999066,6344439	97,062024606959
500898,87948671	4998807,1372638	99,575707670762
500409,43915268	4998852,3680572	100,236019936
499710,38945663	4998442,6714498	-9,0009933192199
500924,58178338	4998620,5152502	99,47433834164
500937,37933373	4998099,7212563	99,491001746514
501354,68502186	4998767,8452616	-9,9219134493621
501436,17870104	4998441,0917713	-9,7753807350935
501870,68522038	5000763,0891354	-9,8798155852618
501546,53283526	5000039,4664268	-8,2647867607705
501322,29534547	4999856,5636561	-9,5951304889128
501043,70125008	4999478,430624	-10,335542173014
501490,24670209	4999122,2331269	-7,8892607465931
501788,33397339	4998747,0694904	-9,2285878062969
500984,38064622	4997589,7350625	50,359971210011
501562,38134799	4997330,1379027	50,135865263209
502127,68344955	4997321,1297363	50,149684459439
503021,53297125	4997660,2807031	-9,8660967452784
501849,00689572	4998005,1505059	-10,057293115465
502716,77481191	4998187,8433193	-8,5560364279503
502074,45652462	4998448,2003244	-9,5506676469689
503617,78172645	4998831,8022433	74,964337470203
503307,67201416	4998422,1356298	-7,9623995918636
504090,40053812	4998777,2533466	74,668890372648
504197,59651397	4998499,5498723	74,779301091393
504401,3843099	4998026,1162384	73,647432724752
504144,48503086	4997820,298132	-7,8489446950458
503708,17267162	4998041,7930474	-10,230165124669
503112,40217539	4997973,9968471	-10,224764630608
502432,82916357	4997796,92289	-10,287306185542
501612,92837353	4998148,861254	-9,9831590476371
500694,24236882	5001304,3289676	147,84387957621
500330,13886808	5000753,3511176	174,6539553794
500037,79895025	5000386,2558388	174,94272430431
500226,00210047	5000059,7023078	173,74450254595
500660,60756993	5000600,3022702	149,84573423376
501127,0255067	5000973,1363809	149,62967430712
501141,15063797	5001294,9908684	149,19853684832
497080,62479374	4996832,7591427	134,61348663755
497800,3962965	4996963,032626	135,81564864836
498554,28910295	4997146,9051992	135,45301438169
499754,71086972	4997029,3291315	135,18178493536
498425,4065566	4997807,5107349	198,80546743782
497668,35559178	4997330,1379027	133,96413548343
499218,75572801	4997274,1992889	134,9516951519
500628,69615251	4997196,3751298	100,16812855859
501603,18178557	4996763,4832437	199,98784649435
501087,56914174	4996772,1514793	152,11050740289
502178,98084692	4996649,7363965	102,42089228785
502880,23218339	4996532,8001985	200,77642324252
503327,16519008	4996772,4914101	199,30020188658
503840,08968867	4996731,3797782	200,14823803213
504318,5465581	4996473,5822522	200,35694194911
504551,96167259	4996645,3972797	199,82099587892
504750,8679287	4996676,4309629	200,47461044091
504659,62766157	4996994,7061789	200,12826702443
504541,34102514	4997483,6166626	197,96514417927
504597,13240765	4997838,2044873	76,511305017264
504606,8789956	4998452,009549	75,031572447781
504523,57947653	4998688,6113894	74,834049685642
504306,51587128	4999130,9313564	50,145561023078
503831,21716021	4999222,8526461	75,353096428024
503230,57336999	4998994,8190617	199,45736779594
502895,71787898	4998446,0607599	197,88410109515
502491,77870445	4998514,2668767	198,10131291342
502089,0846524	4998977,1326617	198,33038309929
502229,52787245	4999514,8732062	200,63684200494
501628,88408224	4999574,8010081	197,00498897833
502048,38316496	5000239,8656361	198,57440153019
502308,34165224	5000443,1042674	199,21243531019
502679,14902438	5000529,6166581	198,84934311743
503034,33052159	5000682,3755645	200,92809755203
503356,01739927	5000929,3852863	193,35847548659
504490,80224545	5000654,7311914	1,5103615247243
504813,72599977	5000752,1713577	0,91566004224747
505436,53461945	5000856,4001423	1,0376368525657
505924,24332619	5001465,2162195	0,74967097785304
506686,17583083	5001424,864433	0,84804481305381
507206,17526383	5001296,9004797	1,0297201695665
502829,31409486	5000237,9460268	200,61362379433
502457,67389244	4999866,1816984	200,42760375259
503157,48220615	4999774,0504514	199,62417234486
502758,42457145	4999758,0537075	199,90130648695
503967,15814927	5000074,9991942	75,397762955324
502937,83765164	4999231,5508756	200,8539629285
507667,2334018	5001409,0676484	0,97437837332311
508236,44403355	5001009,339012	0,99320085129512
509175,11796484	5000934,3542749	0,79254842571758
510037,14677339	5000647,3127014	1,0091356567043
511275,59837406	5000619,2584118	0,82163769754537
511770,39026104	5000434,945928	0,90006485218225
512637,67991826	5000572,3279643	1,0292048235333
513121,00183583	5000533,345899	1,0698720694075
513423,08834161	5000284,1366248	1,3379391334823
514381,91511636	5000080,748024	1,0454324486936
515009,97633885	4999961,832229	0,95243979871112
515866,90096979	5000296,5341014	0,98442498596274
516657,85884635	5000521,7782536	1,2418652797655
517778,22171086	5000985,3039043	1,0302999380664
502028,41997592	4996588,5188572	198,96727218184
502775,23784797	4996316,9441354	302,06443077629
503366,99261803	4996038,9007303	301,44776022294
504032,79506987	4996002,6881013	300,21333288616
504322,94159311	4995783,3227525	299,92664582139
504986,92995921	4995959,8968114	299,85786653297
505214,22665723	4996149,4882206	299,96370312292
501961,53793283	4996126,8028381	302,3889173024
502397,38027894	4996296,2983378	397,53232074121
503062,33340882	4996191,9795716	398,96359120401
503634,59500297	4995926,8535372	397,93523516758
503940,2272218	4995614,617092	400,46231248415
504293,70182924	4995307,2396578	351,07745889924
504598,94649339	4995435,513548	349,88511683556
505026,38632417	4995589,3022448	350,07286270408
505677,94820291	4995840,7510631	350,39498490808
502347,31151238	4995862,2466878	500,19142413856
504579,85736385	4995072,9473474	425,37862762463
505274,88308787	4995324,9360558	425,50064899268
505594,26937499	4995507,4189119	425,10275614705
504906,78035265	4994955,9311657	524,57468410164
505509,62578329	4995113,8490219	525,00086342654
505827,18149298	4995316,037867	524,58334008867
506285,67517337	4995450,2305524	524,80065714108
498596,4253673	4993988,4380961	624,07901204746
499420,33363768	4994039,8776257	624,93005705545
501151,38373075	4994762,1206152	624,77844372862
502061,28791128	4994739,4452307	600,3841007842
502858,53736705	4994524,5489723	625,96123586997
503955,32536271	4994014,4827947	625,43113475168
504652,560973	4993783,4798147	625,55900993053
504769,48704512	4994314,6217023	624,65438229903
499906,72300932	4993880,929979	700,20565095689
503098,63161541	4993815,903215	898,9592825063
502535,1435996	4994127,5797742	701,23689610664
501326,78933061	4994320,8704304	700,69270165277
501791,95389904	4994007,9341277	898,87469480405
500834,28978834	4993895,756961	800,19597945639
500533,91841817	4994241,0366804	699,60293709349
502461,68137277	4995077,1864845	699,12472461221
503016,28036843	4995001,8818125	699,92176435465
505645,65747664	4996478,8511797	299,98739343382
505813,0563617	4996814,4728649	300,0769680713
505893,68422722	4997481,6470635	300,27310115484
505786,48825138	4998077,5157761	298,99952752378
505572,09629968	4998714,7660657	50,650376107338
505661,62967704	4999284,5800817	31,081021087424
505239,92070806	4999678,3699269	20,832466303073
504851,83829211	5000278,9176871	10,009295677032
505581,84288764	5000185,2567516	5,0448823690902
506454,4840978	5000471,2385408	6,3803280922623
507574,28624489	5000421,2387181	51,481824843045
509216,75947853	5000226,0284526	25,655765019842
510585,43769817	5000210,7015723	6,2235850918478
511924,10104457	5000035,2872774	8,2256044015326
513047,45715055	5000020,2603361	49,461676943373
513596,68810158	4999812,2326795	53,106513348344
514724,94223907	4999578,8901757	26,136122266719
515307,37920508	4999561,983617	9,8676208511051
516538,6734129	4999992,7559345	10,857098501661
516831,96984866	5000396,3137915	19,674521416016
517501,21081758	5000426,2776924	49,497794795889
506533,29787758	4999489,5283651	251,76124008071
507971,14223917	4999083,8009497	98,542209120498
507930,35829328	4998172,3864655	200,21896130771
507001,90920892	4998336,4530702	348,52808884781
506309,15933792	4996885,5683936	349,75311999093
506777,78716096	4996379,801341	350,58894844204
506073,4848621	4996288,1000065	349,96414954226
507068,42018902	4997800,9520699	350,0492572658
507115,4215015	4998939,5103196	125,74510691438
507794,8790715	4999805,8839718	350,76909528664
508931,48624927	4999911,1725406	164,13477230059
510674,946338	4999351,7164163	128,20845023471
509960,89745118	4999562,7134684	199,19694152781
509040,39736073	4998981,3518029	11,162010692301
511574,16390433	4999530,3000661	85,182747048067
513125,39687084	4999462,0939493	30,411457071527
513801,37469454	4999163,9346387	29,457441893002
511710,58315236	4998760,6167329	349,45910079207
512925,16303379	4998988,5503377	155,36511153937
515041,03018847	4999240,4590624	28,257140445203
516461,91284835	4999305,1458956	63,691491379553
516944,4679024	4999851,444698	45,820783798
517654,08052498	4999824,2102415	150,62664292377
515967,9290541	4999344,0179833	28,720653667204
515939,21702426	4998954,4072874	29,02085597952
514372,4488871	4998826,0534135	348,70662221621
506769,86290459	4999862,7523964	497,63378952319
506171,88252208	4995831,8428764	425,03060096594
507048,06944529	4996038,6907731	424,82689665132
508163,35286971	4996121,9238312	425,64923899243
507788,66995074	4996634,759445	424,62622190717
507475,00627957	4996138,7504062	425,00974541883
508165,18344715	4997166,4112288	424,66596056247
508885,44145472	4997118,9708852	425,01971162315
508606,83911349	4996559,0148626	425,21890347028
509625,1926382	4997698,2229801	425,03572412564
509322,14136864	4997997,7520118	299,95911015847
510293,0895345	4997983,8448426	426,129008525
510427,8101386	4998317,5869104	424,31341014683
511684,88085569	4998042,5228988	429,03424854414
512302,35441411	4998646,0400547	424,86108457991
513113,85268882	4998282,7639985	424,71727415461
514748,73149987	4998044,8624226	425,76118101396
515161,74110312	4998457,8583585	424,38338606177
515871,01564609	4998426,8946611	423,68450933231
516727,93203118	4998740,8407583	424,45077879763
517022,56429372	4999274,8320659	423,18553518234
506969,14022369	4995159,5997095	525,07283756631
507591,09127557	4994973,9474985	524,91771300765
508332,54934882	4994870,4385674	525,68783537162
509168,05952212	4995812,3568427	525,1804621136
509971,50160695	4995717,1062307	525,75931885928
510959,37849115	4996163,3054081	525,78000864264
512173,9253892	4996658,2546626	525,43776149846
513131,59774575	4997294,6851191	525,04844543237
514135,38086359	4997949,6717984	524,57447624698
515596,19814739	4997869,1781827	525,07816442832
516395,17098461	4998062,6588002	525,22491358484
517510,33896721	4998198,0612395	525,1561075787
507726,66944748	4993739,8386978	650,05521197358
508092,47983799	4994076,6401428	649,77479577284
509149,41566817	4994845,0537344	650,08485051205
510625,37232209	4995291,3528915	649,54745096564
511933,86412421	4995563,4475075	649,11089016624
512639,88155868	4996109,0064605	649,22742308549
513987,0546164	4996762,6434146	650,52353614374
515374,3601983	4997114,3618233	650,78998897322
516628,04187338	4997089,4368967	526,90585804049
517501,54889719	4997028,2693472	526,85269400124
512813,0442889	4993775,6314123	899,40504733492
513216,24958329	4994084,1986043	899,87574878151
513930,11706153	4994428,4485332	899,94996752909
515005,29269929	4994830,0167952	899,91843398168
515716,81011191	4995160,309565	899,69930769908
515871,91444312	4994705,6121174	900,45572684236
516941,89519898	4995056,3307296	900,34042381728
517468,07901519	4995307,6795683	899,83532649102
516657,61971687	4995592,7415447	899,44408882008
516522,65998328	4994788,6152223	900,29035551098
514005,53355346	4993873,0415847	1000,0630249832
514483,94919368	4994262,7422623	999,55732251359
515546,47570629	4994400,004323	999,50740708145
516516,54981265	4994252,2144052	999,88851831439
517209,58004236	4994330,4884727	999,95114332905
517620,59415129	4994613,04096	999,83467266075
517552,94524469	4993753,6658833	999,92494512023
516463,14972499	4993787,4889987	1000,0551355357
515280,68740709	4993742,2482073	1000,0554710093
515176,64134377	4993864,1533939	1000,2567001799
515557,83023388	4993940,2379071	1000,0641660022
516936,34574576	4993900,03609	1000,111169443
517396,83492048	4997725,4374407	797,103099048
516771,78343115	4997528,4475374	822,03157786158
517140,93338859	4997221,8699404	748,28095942859
509513,90672358	4996465,6638639	525,33303115107
509908,64353588	4997243,0956199	624,58750560366
510887,8870211	4997892,473441	633,77093789154
512093,29752368	4998152,2905559	648,0231477262
512522,98846994	4997620,3188373	640,83849063417
508627,58565774	4995749,7195923	609,31742335687
510074,42623545	4996361,275112	698,92264889714
510908,8479573	4996698,3065102	699,86640381407
511750,41058031	4996984,9081733	732,18687839777
512320,97353053	4997104,4538401	709,49514819464
511805,36913255	4997605,4518634	997,33641283862
510970,39493913	4997458,2318296	725,50197164518
510576,64762815	4997143,2359461	685,07132955645
511521,97595578	4997202,1639515	998,68558575293
494638,86538079	4996395,8380768	133,74960072176
495647,43108833	4996246,048566	134,81987420219
493460,65791855	4996823,850956	133,69903941548
494456,36835483	4997189,456538	135,11159578461
492122,67897723	4996176,752671	134,60384115066
493053,79971514	4996455,385956	134,27565418406
487495,86977596	5000320,1093027	-50,038708468689
492389,01150215	4996423,0125455	51,235242059097
493662,07091133	4996547,217264	50,252276258228
495239,78128387	4996743,0374053	49,908470651201
496835,42636775	4997355,2028009	50,983474172106
496097,39031988	5000164,870901	100,91351305532
495423,36676127	5000088,2065059	75,262344358725
490500,48227471	4998365,3371909	76,40350136426
490177,45132441	4998239,9427146	75,171393280965
490840,91195647	4998227,7252014	272,17025209072
496589,05703187	5000986,3636886	225,17945931792
497236,8010847	5001408,1478356	225,29847432448
498295,83135933	5001412,8368812	225,08185809564
492023,50620788	4997432,2371207	276,15017267941
491198,24561904	4996964,5823105	51,171589389817
511781,60460929	4996608,5447809	525,70096213383
512641,4482691	4996833,8489209	526,06789110574
516958,04056211	4997995,7324229	526,15142053897
517093,73417584	4998812,5761567	524,08100580198
509702,47269095	5006601,8606704	699,97006422127
510005,20237259	5006876,5547572	701,18433903695
510150,99714559	5007187,7314181	701,11862716281
510008,03069718	5007489,1800591	699,1256076663
510177,90333552	5007836,869288	700,14172760705
509492,37682413	5006318,6083256	700,49997218003
510484,36013879	5006621,8566003	701,44064123909
511046,78444069	5006853,0895335	700,92230576516
511617,50406195	5006954,5988715	700,19894366764
512570,29487867	5009056,2610843	900,07401984333
512328,55146144	5008857,571527	900,59646349175
511645,95222477	5008552,2536735	900,01247301685
511114,91160626	5008002,9654796	899,66172664154
511062,12995692	5007659,1654591	900,25505945002
510716,24977208	5007354,4074917	899,69511068724
511300,98732865	5007369,6643862	898,38685054751
511499,38234241	5007862,234125	900,94163833767
511845,68306531	5007552,3372036	899,17496228636
512691,86336113	5007580,2715177	898,58761415635
513484,11583525	5008044,4370381	900,47759834662
514003,74420525	5008356,2335729	901,23514722218
514642,26115832	5008633,6171122	899,57178451393
514794,09188934	5008940,834579	900,18158361598
515117,71654043	5009095,8630234	900,09944421743
515504,22400011	5009220,2677012	900,59362237894
511855,94089561	5008838,6053875	899,08779865903
511421,9043894	5008297,8354596	899,67481695056
515333,05676422	5008836,175882	895,23893284473
513501,03630774	5009192,8332854	1000,1734477142
513099,41421546	5008856,7916857	1000,3555555214
512583,76034241	5008591,3357185	999,8263826029
512999,08702791	5008371,2405182	1000,526339764
512808,58328714	5008877,1675383	999,10773409178
513269,2868538	5008271,6807833	998,81973031768
513833,09645754	5008509,9822778	998,58546379119
514156,86128798	5008623,99907	998,73312279895
514890,55177591	5009243,0430653	999,26914964056
514087,15916615	5009259,959622	1000,3333329297
513193,81264096	5009337,3438707	999,20352566843
513995,81170304	5009006,5612005	1000,3718037577
513469,27331551	5008564,0612701	1000,1330839364
484216,28310747	4993598,6374389	1281,6233871838
484323,47908332	4993729,7307552	499,22366878115
484477,18986684	4993765,5834575	499,92098767423
492073,05548625	5002870,220235	501,75015668111
491972,65408611	5002574,750377	497,00155597536
496278,32888126	5002812,1220607	97,066441583612
494280,75660886	5001919,5637384	96,73558278404
496773,37638942	5003013,8110075	98,955015221073
498196,08962673	5001729,3524553	225,25720896416
498148,9316432	5001103,5698316	225,01697462462
496784,40932909	5001366,4163299	224,98427227046
499329,68707133	5001985,7402683	225,28342582521
498991,20340882	5001714,0055792	224,59527304757
499581,76253146	5001897,4982298	223,89727511201
498889,98567009	5002275,2313433	225,06567048656
484399,95928916	5009174,7969566	999,54925616152
484410,18413609	5007463,6052648	899,61498089252
485106,23234481	5006856,368866	900,23938791702
485476,38004941	5006503,7906323	899,28387032539
486913,90282308	5006602,5205361	900,29573996857
487603,28838961	5009171,7875692	899,90106587457
488497,03071532	5009074,3374049	898,87735503691
489226,22721811	5009276,1263313	899,74823789589
487390,56209846	5007590,2994765	899,77684417515
486261,02985509	5005969,5293796	899,32679324919
487689,3832499	5006626,7256092	899,95505476846
484526,93704548	5007163,9662554	899,22193226303
486132,57609265	5007438,6503443	1000,2977892562
484545,5561619	5008112,9031021	999,30848375052
485058,63733153	5007421,3138731	999,52573033082
486056,00518252	5008010,3139838	999,35806761336
484941,28247551	5008034,0391546	999,98932003181
486600,37933125	5007654,2364623	999,40319628899
489044,70320178	5006229,9963623	750,16971875326
487997,11815903	5007585,600433	749,60821550663
487548,68440868	5007890,4483821	749,00310539195
486916,28587208	5008162,9329186	749,64373062945
487426,51397959	5006070,4688337	750,46128449362
488126,55317694	5007321,9540975	751,77821576082
488468,28570211	5006297,3326562	750,14816630811
486919,01524654	5005677,9687259	748,99593863432
485989,22208956	5005639,9464652	749,89735986728
485533,87832169	5005764,2811573	749,79516089615
484588,7808777	5006374,0170473	748,97907386324
488543,92483183	5007757,2354972	623,73953693408
487931,39053415	5008050,1358782	623,86560197224
488292,21218885	5008726,1982676	632,04402217197
489251,970744	5008734,2866213	626,61606989856
490334,63360838	5009268,8578108	626,57804108325
485814,90494115	5004641,0197939	499,33645534276
491722,88746238	5006640,6627723	499,44388513118
490444,69913805	5007006,3483381	502,90391646839
489933,62995442	5007205,6677672	499,47095450494
489468,93539912	5007379,132459	499,81023482442
487962,81544676	5004720,5336091	498,71959106892
491526,47969709	5005705,0832068	499,69348595718
491867,00008314	5006325,3069621	500,39610710691
492495,38289357	5009122,6875634	594,26600168503
493073,43307041	5008477,0889731	599,76524643945
493979,25555802	5007700,4370583	600,67785087188
495017,92684308	5007707,8555483	325,89859235166
495964,65696424	5008370,7006281	600,75339278532
496960,63126754	5008989,4846764	600,85494626602
497455,58807141	5008963,369992	599,27610982997
490332,3660012	5006385,2747558	626,14811706795
490574,48872727	5006636,5136169	623,40215848754
493158,19210393	5009087,5847084	800,25624693175
493402,36804522	5008673,339027	799,57227425135
493731,38547848	5008107,5841847	798,19486377547
494223,57992451	5008315,0819491	800,31791243583
494989,5611387	5008272,3306511	600,68779379512
495874,20005232	5008673,339027	799,06609949286
496611,10641952	5009088,7644683	799,42291469811
489419,89736309	5006488,2138029	750,44956612089
489879,64441182	5006576,2658801	748,70709751658
489893,20057984	5006307,0106862	749,05435235283
489411,37940593	5006886,9326448	749,44855271471
487506,75429043	5002607,1037916	250,76506366628
486456,1760062	5001850,9677009	248,20775441999
485127,40767296	5001463,8664942	247,81133237865
489171,26042003	5003332,5361319	397,77068745733
490713,6620873	5004609,7161656	399,93550090691
492770,34057162	5005719,4202886	400,08070373722
491934,96233183	5005273,1911172	400,70663109601
493655,63090693	5006202,7819017	399,00109596554
494898,39508416	5006419,3578183	249,3552348944
497322,38470265	5007615,7642932	99,974327387169
486841,98256913	5003997,860707	301,72855322334
485261,19649667	5004133,9530059	153,29781068527
484736,90097879	5004519,7544771	151,26131966018
489328,52516245	5003777,6555292	397,32565923569
488544,29589483	5004282,6827323	299,53235444883
487972,05903821	5003131,2271078	251,71853313045
493209,44002623	5006551,780864	399,86996243667
488694,13113153	5008132,7890543	501,48761777065
489293,15873626	5007669,5433467	497,84804431784
490312,11420761	5007282,9820301	494,71125336089
491142,98197057	5007178,63327	493,51802625235
491973,48691638	5006523,2866639	498,79794028872
492609,04361134	5006338,8742005	399,54782221139
491771,61215632	5009160,4698729	100,15996266726
491861,79695539	5008928,5370821	-8,4860279529723
491325,28109627	5008509,2324304	-9,5544056375606
490682,32787897	5008169,2716284	-9,2462540227067
489814,86505903	5008079,3799256	1,6090644342574
490585,52166694	5007801,8364188	-10,185436694413
491161,27949906	5008345,2358114	-10,04910269383
491252,37958685	5008017,1325959	-9,3087433512638
491940,66845608	5007642,7987904	1,6014540528456
491316,82086002	5009082,5057423	101,22325616592
491179,48632327	5008910,330788	100,74758497686
490723,77973825	5008428,7988024	100,68022267263
490142,68684486	5008285,8478997	103,51346150193
489607,20171628	5008160,7233684	104,15607689018
489788,20624442	5007626,8020465	102,52467307337
490592,41519277	5007500,3877778	102,72272330807
490181,67319669	5007538,1800853	103,86033801516
491234,18100848	5007634,3305141	100,45656835556
491503,13571189	5007265,4455996	105,6725218248
491844,94244965	5007392,2997788	99,172773769478
492355,15406547	5007238,2511349	101,90608301165
492225,62009742	5007882,6399715	99,817513898038
491845,36298771	5007998,8163241	98,06247493704
492211,59391627	5009004,8315526	102,5765139277
491815,82637344	5008567,4305843	98,520018866866
491816,56025358	5008308,7332414	100,26621159915
491750,44507402	5007223,6041163	197,58518612509
492459,24960386	5007005,4385233	199,8420337132
492746,65026095	5006869,9161085	202,35576214848
492969,83228267	5007189,8509867	201,06082178876
492669,37845406	5007273,5339532	198,43311298693
492196,30612095	5008481,2181326	199,03213094701
486253,22928639	5003473,0175374	554,53872039897
487242,62340594	5003651,2212645	549,51892386038
487699,77301371	5003608,2400132	545,80861900699
493753,83066665	5009179,9559066	900,07823955321
495035,69663754	5009189,7139203	900,35097767709
496119,28303648	5009093,4535139	899,8565752977
495499,5831001	5008837,4356256	899,10940579036
494525,03150028	5008451,6841442	799,80939251856
494105,19433795	5008627,0984391	899,28605789316
493744,08407869	5008906,5615552	899,86428208888
494525,30361315	5009008,700765	899,93764260435
494150,68666093	5009117,7285727	900,32906578448
495134,98484871	5008819,1293518	898,83293235019
495628,754251	5009154,5010878	900,48567087069
493371,09980365	5000577,9868125	1,8517888444152
494464,60595328	5001640,8104778	1,9554168217089
493531,18462481	5001416,9560427	3,769127416661
485961,12849805	4996262,8051552	51,138524803058
492690,80940338	4996692,1977536	51,578926501415
491897,77357405	4996422,3126879	51,265282144479
490154,32997701	5007805,4456841	-0,95879315278736
487943,21507487	5006216,1691768	749,82614992577
488408,10753043	5006597,1616269	899,71271444397
488093,38014534	5006933,653135	899,43240680837
487687,63513091	5007393,8194695	899,59218571841
488619,18465272	5006992,7511058	899,6455099612
485878,42267976	5006488,3337785	901,09461539581
488878,72260194	5006580,2450702	898,47141412151
489488,65121283	5004782,2510467	499,2802585852
489302,68268642	5005576,8992983	501,66290312551
490129,44401892	5004923,1723625	499,67081133833
491016,68037349	5006730,8344182	500,97680495535
490521,73181546	5005186,1488344	500,0557465211
491074,03022057	5005672,3698656	500,42294802079
488632,03167814	5004792,1090401	499,44119435545
488648,82846297	5005284,668781	500,56973017763
490159,10432085	5006775,5953072	625,60326140407
490495,95530619	5005914,4205968	624,12264262952
489949,18986261	5005837,086338	625,34848537064
489448,18060903	5005815,9506401	624,10801496897
486768,11629592	5005455,9339205	625,66627144703
486476,32884966	5005162,5136453	624,53101153757
485598,27836564	5005175,3510323	624,35756019695
485026,61871813	5005244,3469884	624,51044376573
484788,57768499	5005686,217047	625,55472792371
484573,01482341	5005864,8206927	625,15210172977
485669,88527751	5006957,2983221	999,7139168898
486254,26001693	5006514,978355	999,02821196715
486534,57749377	5006995,8504749	999,95818643394
487522,38016537	5007098,2996217	999,70308954436
485847,1379465	5007733,5203243	1000,1383670709
485262,64776526	5008256,1839377	1000,0254258712
485337,25616445	5008986,195346	1000,2642828903
484862,46869573	5008997,6830077	1000,044473255
485307,2577829	5007593,4288396	1000,0497966516
486956,45137965	5007305,3974675	999,85486013241
492823,73241343	5007690,549071	200,93785829774
492552,18851492	5007943,2876268	199,56827100782
492480,28475266	5008163,2728495	201,99813486283
492565,98381243	5008548,9143532	399,97091447965
492968,95822318	5008021,5816903	399,22814164281
493229,18057747	5007727,5315433	400,46254257299
493353,28053413	5007300,4384769	399,14180346654
493226,08014002	5006849,2703109	399,21892865841
493608,18431885	5006618,3373166	400,06489339574
493274,64816292	5008253,81442	600,49740203837
492698,09872974	5008959,3608081	600,81145872427
494530,4325283	5007511,6154924	597,34760376379
495942,07984256	5007689,1593539	398,9472229757
509212,7519982	4993937,1085441	800,08772837339
509106,3641151	4993701,6664676	799,75519161965
509613,24440982	4994510,8417623	799,96220498243
510133,46648061	4994594,774678	799,77205308454
510617,86860378	4994604,5126959	700,64990075185
511038,06033742	4994379,7684419	698,12898220317
511471,56086375	4994710,291165	699,39446008692
511046,99058679	4994028,0000434	503,29539379572
510637,78231776	4993915,6629093	798,95868703106
510269,67958254	4993737,4691801	800,19070704325
509636,33277385	4993662,8943596	800,24036535081
509739,12546884	4994113,1327148	898,71016985194
510347,23174814	4993950,6457886	899,36864215621
510026,27050476	4994069,751545	900,04105607961
510622,05749269	4994150,9050264	898,90349891734
514592,15940837	4996639,2585292	799,84965881617
514324,69720279	4996470,8328118	798,74778292099
515347,3880416	4996759,0841391	798,11352607266
514841,72813184	4996538,9589449	799,60057927625
515961,31588698	4996517,4833162	649,95274375057
515229,01070089	4996161,0958579	651,15397501981
513971,72559185	4995751,3592586	650,15386159326
497147,90263735	5003355,9813597	0,67577015110068
496529,76116554	5002720,8606367	3,5894488415923
495010,95910465	5001801,4077887	1,6784808491129
490454,05817132	4998967,5946032	6,4150819977087
489939,83907518	4998552,9390051	1,8358534032566
488429,85182184	4999114,7546492	-89,076606760569
487459,6705195	4998973,4134188	-89,594306003356
486824,51787091	4998717,9754124	-88,941173888859
484905,23989009	4998538,4719498	-88,876021589035
502206,34055829	4996902,2549971	99,512176900211
